gameid,player_id,carries,rush_yards,rush_fumbles,rush_tds,targets,receptions,rec_yards,raw_yac,rec_fumbles,rec_tds,ac_tds,rec_raw_airyards,caught_airyards,attempts,completions,pass_yards,pass_raw_airyards,comp_airyards,timeshit,interceptions,pass_tds,air_tds,season,team,pos,player_name
2017090700,00-0019596,0.0,0.0,0.0,0.0,0.0,0.0,0.0,0.0,0.0,0.0,0.0,0.0,0.0,36.0,16.0,267.0,567.0,155.0,3.0,0.0,0.0,0.0,2017,NE,QB,T.Brady
2017091705,00-0019596,2.0,9.0,0.0,0.0,0.0,0.0,0.0,0.0,0.0,0.0,0.0,0.0,0.0,39.0,30.0,447.0,253.0,191.0,3.0,0.0,3.0,1.0,2017,NE,QB,T.Brady
2017092407,00-0019596,1.0,6.0,0.0,0.0,0.0,0.0,0.0,0.0,0.0,0.0,0.0,0.0,0.0,35.0,25.0,378.0,415.0,271.0,4.0,0.0,5.0,3.0,2017,NE,QB,T.Brady
2017100107,00-0019596,1.0,2.0,0.0,0.0,0.0,0.0,0.0,0.0,0.0,0.0,0.0,0.0,0.0,45.0,32.0,310.0,341.0,175.0,4.0,0.0,2.0,2.0,2017,NE,QB,T.Brady
2017100500,00-0019596,2.0,5.0,0.0,0.0,0.0,0.0,0.0,0.0,0.0,0.0,0.0,0.0,0.0,40.0,30.0,303.0,248.0,173.0,3.0,1.0,1.0,1.0,2017,NE,QB,T.Brady
2017101505,00-0019596,0.0,0.0,0.0,0.0,0.0,0.0,0.0,0.0,0.0,0.0,0.0,0.0,0.0,38.0,20.0,257.0,480.0,185.0,4.0,1.0,2.0,1.0,2017,NE,QB,T.Brady
2017102212,00-0019596,2.0,8.0,0.0,0.0,0.0,0.0,0.0,0.0,0.0,0.0,0.0,0.0,0.0,29.0,21.0,249.0,218.0,135.0,0.0,0.0,2.0,1.0,2017,NE,QB,T.Brady
2017102903,00-0019596,1.0,2.0,0.0,0.0,0.0,0.0,0.0,0.0,0.0,0.0,0.0,0.0,0.0,46.0,31.0,308.0,388.0,152.0,2.0,0.0,1.0,1.0,2017,NE,QB,T.Brady
2017111211,00-0019596,1.0,0.0,0.0,0.0,0.0,0.0,0.0,0.0,0.0,0.0,0.0,0.0,0.0,34.0,25.0,266.0,309.0,160.0,3.0,0.0,3.0,1.0,2017,NE,QB,T.Brady
2017111909,00-0019596,0.0,0.0,0.0,0.0,0.0,0.0,0.0,0.0,0.0,0.0,0.0,0.0,0.0,37.0,30.0,339.0,288.0,206.0,3.0,0.0,3.0,1.0,2017,NE,QB,T.Brady
2017112604,00-0019596,1.0,14.0,1.0,1.0,0.0,0.0,0.0,0.0,0.0,0.0,0.0,0.0,0.0,28.0,18.0,227.0,226.0,135.0,7.0,1.0,4.0,3.0,2017,NE,QB,T.Brady
2017120302,00-0019596,0.0,0.0,0.0,0.0,0.0,0.0,0.0,0.0,0.0,0.0,0.0,0.0,0.0,30.0,21.0,258.0,244.0,170.0,2.0,1.0,0.0,0.0,2017,NE,QB,T.Brady
2017121100,00-0019596,0.0,0.0,0.0,0.0,0.0,0.0,0.0,0.0,0.0,0.0,0.0,0.0,0.0,43.0,24.0,233.0,386.0,101.0,4.0,2.0,1.0,0.0,2017,NE,QB,T.Brady
2017121709,00-0019596,0.0,0.0,0.0,0.0,0.0,0.0,0.0,0.0,0.0,0.0,0.0,0.0,0.0,35.0,22.0,298.0,352.0,226.0,4.0,1.0,1.0,1.0,2017,NE,QB,T.Brady
2017122404,00-0019596,2.0,6.0,0.0,0.0,0.0,0.0,0.0,0.0,0.0,0.0,0.0,0.0,0.0,28.0,21.0,224.0,216.0,106.0,0.0,1.0,3.0,1.0,2017,NE,QB,T.Brady
2017123106,00-0019596,0.0,0.0,0.0,0.0,0.0,0.0,0.0,0.0,0.0,0.0,0.0,0.0,0.0,37.0,18.0,190.0,334.0,92.0,3.0,0.0,2.0,1.0,2017,NE,QB,T.Brady
2017090700,00-0028087,2.0,9.0,0.0,0.0,0.0,0.0,0.0,0.0,0.0,0.0,0.0,0.0,0.0,0.0,0.0,0.0,0.0,0.0,0.0,0.0,0.0,0.0,2017,NE,RB,D.Lewis
2017091705,00-0028087,4.0,14.0,0.0,0.0,1.0,1.0,11.0,5.0,0.0,0.0,0.0,6.0,6.0,0.0,0.0,0.0,0.0,0.0,0.0,0.0,0.0,0.0,2017,NE,RB,D.Lewis
2017092407,00-0028087,2.0,5.0,0.0,0.0,3.0,3.0,12.0,12.0,0.0,0.0,0.0,0.0,0.0,0.0,0.0,0.0,0.0,0.0,0.0,0.0,0.0,0.0,2017,NE,RB,D.Lewis
2017100107,00-0028087,4.0,18.0,0.0,1.0,1.0,1.0,9.0,13.0,0.0,0.0,0.0,-4.0,-4.0,0.0,0.0,0.0,0.0,0.0,0.0,0.0,0.0,0.0,2017,NE,RB,D.Lewis
2017100500,00-0028087,7.0,53.0,0.0,0.0,2.0,2.0,10.0,6.0,0.0,0.0,0.0,4.0,4.0,0.0,0.0,0.0,0.0,0.0,0.0,0.0,0.0,0.0,2017,NE,RB,D.Lewis
2017101505,00-0028087,11.0,52.0,0.0,1.0,0.0,0.0,0.0,0.0,0.0,0.0,0.0,0.0,0.0,0.0,0.0,0.0,0.0,0.0,0.0,0.0,0.0,0.0,2017,NE,RB,D.Lewis
2017102212,00-0028087,13.0,76.0,0.0,0.0,1.0,1.0,6.0,12.0,0.0,0.0,0.0,-6.0,-6.0,0.0,0.0,0.0,0.0,0.0,0.0,0.0,0.0,0.0,2017,NE,RB,D.Lewis
2017102903,00-0028087,15.0,44.0,0.0,0.0,2.0,2.0,10.0,16.0,0.0,0.0,0.0,-6.0,-6.0,0.0,0.0,0.0,0.0,0.0,0.0,0.0,0.0,0.0,2017,NE,RB,D.Lewis
2017111211,00-0028087,14.0,55.0,0.0,1.0,0.0,0.0,0.0,0.0,0.0,0.0,0.0,0.0,0.0,0.0,0.0,0.0,0.0,0.0,0.0,0.0,0.0,0.0,2017,NE,RB,D.Lewis
2017111909,00-0028087,10.0,60.0,0.0,0.0,4.0,4.0,28.0,25.0,0.0,1.0,1.0,3.0,3.0,0.0,0.0,0.0,0.0,0.0,0.0,0.0,0.0,0.0,2017,NE,RB,D.Lewis
2017112604,00-0028087,15.0,112.0,0.0,0.0,2.0,1.0,1.0,5.0,0.0,0.0,0.0,1.0,-4.0,0.0,0.0,0.0,0.0,0.0,0.0,0.0,0.0,0.0,2017,NE,RB,D.Lewis
2017120302,00-0028087,15.0,92.0,0.0,0.0,0.0,0.0,0.0,0.0,0.0,0.0,0.0,0.0,0.0,0.0,0.0,0.0,0.0,0.0,0.0,0.0,0.0,0.0,2017,NE,RB,D.Lewis
2017121100,00-0028087,5.0,17.0,0.0,0.0,5.0,5.0,50.0,42.0,0.0,0.0,0.0,8.0,8.0,0.0,0.0,0.0,0.0,0.0,0.0,0.0,0.0,0.0,2017,NE,RB,D.Lewis
2017121709,00-0028087,13.0,67.0,0.0,1.0,2.0,1.0,13.0,11.0,0.0,0.0,0.0,6.0,2.0,0.0,0.0,0.0,0.0,0.0,0.0,0.0,0.0,0.0,2017,NE,RB,D.Lewis
2017122404,00-0028087,24.0,128.0,0.0,1.0,5.0,5.0,24.0,25.0,0.0,1.0,1.0,-1.0,-1.0,0.0,0.0,0.0,0.0,0.0,0.0,0.0,0.0,0.0,2017,NE,RB,D.Lewis
2017123106,00-0028087,26.0,93.0,0.0,1.0,7.0,6.0,40.0,52.0,0.0,1.0,1.0,-11.0,-12.0,0.0,0.0,0.0,0.0,0.0,0.0,0.0,0.0,0.0,2017,NE,RB,D.Lewis
2017090700,00-0031236,0.0,0.0,0.0,0.0,7.0,3.0,88.0,17.0,0.0,0.0,0.0,148.0,71.0,0.0,0.0,0.0,0.0,0.0,0.0,0.0,0.0,0.0,2017,NE,WR,B.Cooks
2017091705,00-0031236,2.0,6.0,0.0,0.0,4.0,2.0,37.0,9.0,0.0,0.0,0.0,45.0,28.0,0.0,0.0,0.0,0.0,0.0,0.0,0.0,0.0,0.0,2017,NE,WR,B.Cooks
2017092407,00-0031236,0.0,0.0,0.0,0.0,7.0,5.0,131.0,18.0,0.0,2.0,1.0,182.0,113.0,0.0,0.0,0.0,0.0,0.0,0.0,0.0,0.0,0.0,2017,NE,WR,B.Cooks
2017100107,00-0031236,1.0,4.0,0.0,0.0,6.0,3.0,37.0,1.0,0.0,0.0,0.0,91.0,37.0,0.0,0.0,0.0,0.0,0.0,0.0,0.0,0.0,0.0,2017,NE,WR,B.Cooks
2017100500,00-0031236,0.0,0.0,0.0,0.0,8.0,5.0,85.0,28.0,0.0,0.0,0.0,75.0,57.0,0.0,0.0,0.0,0.0,0.0,0.0,0.0,0.0,0.0,2017,NE,WR,B.Cooks
2017101505,00-0031236,0.0,0.0,0.0,0.0,9.0,6.0,93.0,8.0,0.0,0.0,0.0,99.0,85.0,0.0,0.0,0.0,0.0,0.0,0.0,0.0,0.0,0.0,2017,NE,WR,B.Cooks
2017102212,00-0031236,0.0,0.0,0.0,0.0,5.0,4.0,65.0,20.0,0.0,1.0,1.0,52.0,45.0,0.0,0.0,0.0,0.0,0.0,0.0,0.0,0.0,0.0,2017,NE,WR,B.Cooks
2017102903,00-0031236,0.0,0.0,0.0,0.0,8.0,5.0,26.0,3.0,0.0,0.0,0.0,72.0,23.0,0.0,0.0,0.0,0.0,0.0,0.0,0.0,0.0,0.0,2017,NE,WR,B.Cooks
2017111211,00-0031236,0.0,0.0,0.0,0.0,11.0,6.0,74.0,37.0,0.0,0.0,0.0,140.0,37.0,0.0,0.0,0.0,0.0,0.0,0.0,0.0,0.0,0.0,2017,NE,WR,B.Cooks
2017111909,00-0031236,0.0,0.0,0.0,0.0,9.0,6.0,149.0,40.0,0.0,1.0,1.0,180.0,109.0,0.0,0.0,0.0,0.0,0.0,0.0,0.0,0.0,0.0,2017,NE,WR,B.Cooks
2017112604,00-0031236,1.0,11.0,0.0,0.0,7.0,6.0,83.0,22.0,0.0,1.0,1.0,76.0,61.0,0.0,0.0,0.0,0.0,0.0,0.0,0.0,0.0,0.0,2017,NE,WR,B.Cooks
2017120302,00-0031236,1.0,11.0,0.0,0.0,3.0,2.0,17.0,3.0,0.0,0.0,0.0,36.0,14.0,0.0,0.0,0.0,0.0,0.0,0.0,0.0,0.0,0.0,2017,NE,WR,B.Cooks
2017121100,00-0031236,0.0,0.0,0.0,0.0,7.0,1.0,38.0,1.0,0.0,0.0,0.0,177.0,37.0,0.0,0.0,0.0,0.0,0.0,0.0,0.0,0.0,0.0,2017,NE,WR,B.Cooks
2017121709,00-0031236,0.0,0.0,0.0,0.0,7.0,4.0,60.0,-1.0,0.0,1.0,0.0,129.0,61.0,0.0,0.0,0.0,0.0,0.0,0.0,0.0,0.0,0.0,2017,NE,WR,B.Cooks
2017122404,00-0031236,1.0,6.0,0.0,0.0,5.0,2.0,19.0,5.0,0.0,0.0,0.0,84.0,14.0,0.0,0.0,0.0,0.0,0.0,0.0,0.0,0.0,0.0,2017,NE,WR,B.Cooks
2017123106,00-0031236,3.0,8.0,0.0,0.0,11.0,5.0,79.0,16.0,0.0,1.0,0.0,173.0,63.0,0.0,0.0,0.0,0.0,0.0,0.0,0.0,0.0,0.0,2017,NE,WR,B.Cooks
2017091000,00-0021206,1.0,1.0,0.0,1.0,0.0,0.0,0.0,0.0,0.0,0.0,0.0,0.0,0.0,39.0,26.0,188.0,207.0,89.0,4.0,2.0,1.0,0.0,2017,NYJ,QB,J.McCown
2017091709,00-0021206,3.0,32.0,0.0,0.0,0.0,0.0,0.0,0.0,0.0,0.0,0.0,0.0,0.0,25.0,17.0,166.0,167.0,100.0,0.0,0.0,2.0,2.0,2017,NYJ,QB,J.McCown
2017092408,00-0021206,3.0,-2.0,2.0,0.0,0.0,0.0,0.0,0.0,0.0,0.0,0.0,0.0,0.0,23.0,18.0,249.0,246.0,164.0,3.0,0.0,1.0,0.0,2017,NYJ,QB,J.McCown
2017100108,00-0021206,0.0,0.0,0.0,0.0,0.0,0.0,0.0,0.0,0.0,0.0,0.0,0.0,0.0,30.0,22.0,224.0,189.0,114.0,2.0,1.0,0.0,0.0,2017,NYJ,QB,J.McCown
2017100801,00-0021206,0.0,0.0,0.0,0.0,0.0,0.0,0.0,0.0,0.0,0.0,0.0,0.0,0.0,30.0,23.0,196.0,112.0,89.0,4.0,1.0,2.0,1.0,2017,NYJ,QB,J.McCown
2017101505,00-0021206,2.0,22.0,0.0,0.0,0.0,0.0,0.0,0.0,0.0,0.0,0.0,0.0,0.0,46.0,31.0,355.0,430.0,203.0,6.0,2.0,3.0,1.0,2017,NYJ,QB,J.McCown
2017102206,00-0021206,2.0,2.0,0.0,1.0,0.0,0.0,0.0,0.0,0.0,0.0,0.0,0.0,0.0,27.0,17.0,217.0,201.0,71.0,1.0,1.0,3.0,3.0,2017,NYJ,QB,J.McCown
2017102905,00-0021206,1.0,0.0,1.0,0.0,0.0,0.0,0.0,0.0,0.0,0.0,0.0,0.0,0.0,32.0,26.0,257.0,233.0,153.0,3.0,0.0,2.0,1.0,2017,NYJ,QB,J.McCown
2017110200,00-0021206,2.0,16.0,0.0,1.0,0.0,0.0,0.0,0.0,0.0,0.0,0.0,0.0,0.0,20.0,14.0,140.0,126.0,75.0,3.0,0.0,1.0,1.0,2017,NYJ,QB,J.McCown
2017111205,00-0021206,0.0,0.0,0.0,0.0,0.0,0.0,0.0,0.0,0.0,0.0,0.0,0.0,0.0,39.0,23.0,262.0,377.0,206.0,8.0,1.0,1.0,1.0,2017,NYJ,QB,J.McCown
2017112605,00-0021206,2.0,28.0,0.0,0.0,0.0,0.0,0.0,0.0,0.0,0.0,0.0,0.0,0.0,34.0,19.0,308.0,355.0,195.0,0.0,0.0,4.0,3.0,2017,NYJ,QB,J.McCown
2017120308,00-0021206,5.0,21.0,0.0,2.0,0.0,0.0,0.0,0.0,0.0,0.0,0.0,0.0,0.0,36.0,26.0,331.0,310.0,180.0,5.0,0.0,1.0,0.0,2017,NYJ,QB,J.McCown
2017121009,00-0021206,1.0,8.0,0.0,0.0,0.0,0.0,0.0,0.0,0.0,0.0,0.0,0.0,0.0,12.0,6.0,46.0,88.0,19.0,1.0,1.0,0.0,0.0,2017,NYJ,QB,J.McCown
2017091000,00-0026184,6.0,16.0,0.0,0.0,5.0,3.0,20.0,26.0,0.0,0.0,0.0,-5.0,-6.0,0.0,0.0,0.0,0.0,0.0,0.0,0.0,0.0,0.0,2017,NYJ,RB,M.Forte
2017091709,00-0026184,9.0,53.0,0.0,0.0,4.0,4.0,38.0,29.0,0.0,0.0,0.0,9.0,9.0,0.0,0.0,0.0,0.0,0.0,0.0,0.0,0.0,0.0,2017,NYJ,RB,M.Forte
2017092408,00-0026184,8.0,25.0,0.0,0.0,0.0,0.0,0.0,0.0,0.0,0.0,0.0,0.0,0.0,0.0,0.0,0.0,0.0,0.0,0.0,0.0,0.0,0.0,2017,NYJ,RB,M.Forte
2017101505,00-0026184,9.0,22.0,0.0,0.0,8.0,8.0,59.0,38.0,0.0,0.0,0.0,21.0,21.0,0.0,0.0,0.0,0.0,0.0,0.0,0.0,0.0,0.0,2017,NYJ,RB,M.Forte
2017102206,00-0026184,7.0,41.0,0.0,0.0,5.0,5.0,41.0,62.0,0.0,0.0,0.0,-21.0,-21.0,0.0,0.0,0.0,0.0,0.0,0.0,0.0,0.0,0.0,2017,NYJ,RB,M.Forte
2017102905,00-0026184,4.0,7.0,0.0,0.0,7.0,6.0,45.0,36.0,0.0,0.0,0.0,36.0,9.0,0.0,0.0,0.0,0.0,0.0,0.0,0.0,0.0,0.0,2017,NYJ,RB,M.Forte
2017110200,00-0026184,14.0,77.0,0.0,2.0,4.0,4.0,19.0,15.0,0.0,0.0,0.0,4.0,4.0,0.0,0.0,0.0,0.0,0.0,0.0,0.0,0.0,0.0,2017,NYJ,RB,M.Forte
2017112605,00-0026184,10.0,26.0,0.0,0.0,1.0,0.0,0.0,0.0,0.0,0.0,0.0,1.0,0.0,0.0,0.0,0.0,0.0,0.0,0.0,0.0,0.0,0.0,2017,NYJ,RB,M.Forte
2017120308,00-0026184,15.0,58.0,0.0,0.0,3.0,3.0,33.0,23.0,0.0,1.0,1.0,10.0,10.0,0.0,0.0,0.0,0.0,0.0,0.0,0.0,0.0,0.0,2017,NYJ,RB,M.Forte
2017121009,00-0026184,6.0,13.0,0.0,0.0,3.0,2.0,21.0,10.0,0.0,0.0,0.0,10.0,11.0,0.0,0.0,0.0,0.0,0.0,0.0,0.0,0.0,0.0,2017,NYJ,RB,M.Forte
2017121705,00-0026184,7.0,24.0,0.0,0.0,5.0,2.0,10.0,5.0,0.0,0.0,0.0,19.0,5.0,0.0,0.0,0.0,0.0,0.0,0.0,0.0,0.0,0.0,2017,NYJ,RB,M.Forte
2017122406,00-0026184,8.0,20.0,1.0,0.0,1.0,1.0,7.0,8.0,0.0,0.0,0.0,-1.0,-1.0,0.0,0.0,0.0,0.0,0.0,0.0,0.0,0.0,0.0,2017,NYJ,RB,M.Forte
2017091000,00-0028112,0.0,0.0,0.0,0.0,9.0,4.0,59.0,24.0,1.0,1.0,0.0,47.0,29.0,0.0,0.0,0.0,0.0,0.0,0.0,0.0,0.0,0.0,2017,BUF,TE,C.Clay
2017091701,00-0028112,0.0,0.0,0.0,0.0,3.0,3.0,23.0,28.0,1.0,0.0,0.0,-5.0,-5.0,0.0,0.0,0.0,0.0,0.0,0.0,0.0,0.0,0.0,2017,BUF,TE,C.Clay
2017092401,00-0028112,0.0,0.0,0.0,0.0,6.0,6.0,39.0,27.0,0.0,1.0,0.0,12.0,12.0,0.0,0.0,0.0,0.0,0.0,0.0,0.0,0.0,0.0,2017,BUF,TE,C.Clay
2017100101,00-0028112,0.0,0.0,0.0,0.0,7.0,5.0,112.0,33.0,0.0,0.0,0.0,113.0,79.0,0.0,0.0,0.0,0.0,0.0,0.0,0.0,0.0,0.0,2017,BUF,TE,C.Clay
2017100800,00-0028112,0.0,0.0,0.0,0.0,3.0,2.0,31.0,10.0,0.0,0.0,0.0,22.0,21.0,0.0,0.0,0.0,0.0,0.0,0.0,0.0,0.0,0.0,2017,BUF,TE,C.Clay
2017111200,00-0028112,0.0,0.0,0.0,0.0,3.0,2.0,13.0,5.0,0.0,0.0,0.0,15.0,8.0,0.0,0.0,0.0,0.0,0.0,0.0,0.0,0.0,0.0,2017,BUF,TE,C.Clay
2017111907,00-0028112,0.0,0.0,0.0,0.0,4.0,3.0,27.0,7.0,0.0,0.0,0.0,32.0,20.0,0.0,0.0,0.0,0.0,0.0,0.0,0.0,0.0,0.0,2017,BUF,TE,C.Clay
2017112603,00-0028112,0.0,0.0,0.0,0.0,4.0,4.0,60.0,22.0,0.0,0.0,0.0,38.0,38.0,0.0,0.0,0.0,0.0,0.0,0.0,0.0,0.0,0.0,2017,BUF,TE,C.Clay
2017120302,00-0028112,0.0,0.0,0.0,0.0,3.0,3.0,20.0,9.0,0.0,0.0,0.0,11.0,11.0,0.0,0.0,0.0,0.0,0.0,0.0,0.0,0.0,0.0,2017,BUF,TE,C.Clay
2017121000,00-0028112,0.0,0.0,0.0,0.0,5.0,2.0,11.0,7.0,0.0,0.0,0.0,27.0,4.0,0.0,0.0,0.0,0.0,0.0,0.0,0.0,0.0,0.0,2017,BUF,TE,C.Clay
2017121700,00-0028112,0.0,0.0,0.0,0.0,9.0,5.0,68.0,30.0,0.0,0.0,0.0,67.0,38.0,0.0,0.0,0.0,0.0,0.0,0.0,0.0,0.0,0.0,2017,BUF,TE,C.Clay
2017122404,00-0028112,0.0,0.0,0.0,0.0,10.0,4.0,37.0,27.0,0.0,0.0,0.0,80.0,10.0,0.0,0.0,0.0,0.0,0.0,0.0,0.0,0.0,0.0,2017,BUF,TE,C.Clay
2017123104,00-0028112,0.0,0.0,0.0,0.0,8.0,6.0,64.0,41.0,0.0,0.0,0.0,48.0,23.0,0.0,0.0,0.0,0.0,0.0,0.0,0.0,0.0,0.0,2017,BUF,TE,C.Clay
2017091001,00-0029632,0.0,0.0,0.0,0.0,9.0,6.0,47.0,8.0,0.0,0.0,0.0,47.0,39.0,0.0,0.0,0.0,0.0,0.0,0.0,0.0,0.0,0.0,2017,ATL,WR,M.Sanu
2017091713,00-0029632,0.0,0.0,0.0,0.0,6.0,5.0,85.0,25.0,0.0,0.0,0.0,70.0,60.0,0.0,0.0,0.0,0.0,0.0,0.0,0.0,0.0,0.0,2017,ATL,WR,M.Sanu
2017092404,00-0029632,0.0,0.0,0.0,0.0,6.0,4.0,27.0,9.0,0.0,1.0,1.0,36.0,19.0,0.0,0.0,0.0,0.0,0.0,0.0,0.0,0.0,0.0,2017,ATL,WR,M.Sanu
2017100101,00-0029632,1.0,4.0,0.0,0.0,3.0,1.0,3.0,0.0,0.0,0.0,0.0,17.0,3.0,0.0,0.0,0.0,0.0,0.0,0.0,0.0,0.0,0.0,2017,ATL,WR,M.Sanu
2017102212,00-0029632,0.0,0.0,0.0,0.0,10.0,6.0,65.0,14.0,0.0,0.0,0.0,108.0,51.0,0.0,0.0,0.0,0.0,0.0,0.0,0.0,0.0,0.0,2017,ATL,WR,M.Sanu
2017102905,00-0029632,0.0,0.0,0.0,0.0,7.0,6.0,74.0,18.0,0.0,1.0,0.0,64.0,56.0,0.0,0.0,0.0,0.0,0.0,0.0,0.0,0.0,0.0,2017,ATL,WR,M.Sanu
2017110500,00-0029632,0.0,0.0,0.0,0.0,3.0,3.0,23.0,14.0,0.0,1.0,1.0,9.0,9.0,0.0,0.0,0.0,0.0,0.0,0.0,0.0,0.0,0.0,2017,ATL,WR,M.Sanu
2017111209,00-0029632,0.0,0.0,0.0,0.0,5.0,3.0,29.0,5.0,0.0,0.0,0.0,41.0,24.0,0.0,0.0,0.0,0.0,0.0,0.0,0.0,0.0,0.0,2017,ATL,WR,M.Sanu
2017112000,00-0029632,1.0,3.0,0.0,0.0,3.0,3.0,34.0,5.0,0.0,1.0,0.0,29.0,29.0,0.0,0.0,0.0,0.0,0.0,0.0,0.0,0.0,0.0,2017,ATL,WR,M.Sanu
2017112600,00-0029632,0.0,0.0,0.0,0.0,9.0,8.0,64.0,29.0,0.0,0.0,0.0,41.0,35.0,1.0,1.0,51.0,51.0,51.0,0.0,0.0,1.0,1.0,2017,ATL,WR,M.Sanu
2017120300,00-0029632,0.0,0.0,0.0,0.0,5.0,3.0,54.0,5.0,0.0,0.0,0.0,58.0,38.0,0.0,0.0,0.0,0.0,0.0,0.0,0.0,0.0,0.0,2017,ATL,WR,M.Sanu
2017120700,00-0029632,0.0,0.0,0.0,0.0,8.0,6.0,83.0,40.0,0.0,1.0,0.0,65.0,43.0,0.0,0.0,0.0,0.0,0.0,0.0,0.0,0.0,0.0,2017,ATL,WR,M.Sanu
2017122405,00-0029632,0.0,0.0,0.0,0.0,6.0,4.0,31.0,11.0,0.0,0.0,0.0,46.0,20.0,0.0,0.0,0.0,0.0,0.0,0.0,0.0,0.0,0.0,2017,ATL,WR,M.Sanu
2017123100,00-0029632,1.0,0.0,0.0,0.0,11.0,7.0,83.0,55.0,0.0,1.0,0.0,59.0,16.0,0.0,0.0,0.0,0.0,0.0,0.0,0.0,0.0,0.0,2017,ATL,WR,M.Sanu
2017091001,00-0031228,0.0,0.0,0.0,0.0,4.0,3.0,36.0,6.0,0.0,0.0,0.0,40.0,30.0,0.0,0.0,0.0,0.0,0.0,0.0,0.0,0.0,0.0,2017,ATL,WR,T.Gabriel
2017091713,00-0031228,1.0,7.0,0.0,0.0,3.0,2.0,14.0,8.0,0.0,0.0,0.0,39.0,6.0,0.0,0.0,0.0,0.0,0.0,0.0,0.0,0.0,0.0,2017,ATL,WR,T.Gabriel
2017092404,00-0031228,0.0,0.0,0.0,0.0,6.0,5.0,79.0,64.0,0.0,1.0,1.0,42.0,15.0,0.0,0.0,0.0,0.0,0.0,0.0,0.0,0.0,0.0,2017,ATL,WR,T.Gabriel
2017100101,00-0031228,0.0,0.0,0.0,0.0,5.0,0.0,0.0,0.0,0.0,0.0,0.0,112.0,0.0,0.0,0.0,0.0,0.0,0.0,0.0,0.0,0.0,0.0,2017,ATL,WR,T.Gabriel
2017101500,00-0031228,0.0,0.0,0.0,0.0,8.0,4.0,39.0,18.0,0.0,0.0,0.0,98.0,21.0,0.0,0.0,0.0,0.0,0.0,0.0,0.0,0.0,0.0,2017,ATL,WR,T.Gabriel
2017102212,00-0031228,1.0,-5.0,0.0,0.0,2.0,2.0,24.0,21.0,0.0,0.0,0.0,3.0,3.0,0.0,0.0,0.0,0.0,0.0,0.0,0.0,0.0,0.0,2017,ATL,WR,T.Gabriel
2017102905,00-0031228,0.0,0.0,0.0,0.0,1.0,1.0,-3.0,0.0,0.0,0.0,0.0,-3.0,-3.0,0.0,0.0,0.0,0.0,0.0,0.0,0.0,0.0,0.0,2017,ATL,WR,T.Gabriel
2017110500,00-0031228,1.0,3.0,0.0,0.0,4.0,3.0,56.0,42.0,0.0,0.0,0.0,31.0,14.0,0.0,0.0,0.0,0.0,0.0,0.0,0.0,0.0,0.0,2017,ATL,WR,T.Gabriel
2017111209,00-0031228,1.0,15.0,0.0,0.0,3.0,3.0,58.0,27.0,0.0,0.0,0.0,31.0,31.0,0.0,0.0,0.0,0.0,0.0,0.0,0.0,0.0,0.0,2017,ATL,WR,T.Gabriel
2017112000,00-0031228,0.0,0.0,0.0,0.0,2.0,2.0,7.0,5.0,0.0,0.0,0.0,2.0,2.0,0.0,0.0,0.0,0.0,0.0,0.0,0.0,0.0,0.0,2017,ATL,WR,T.Gabriel
2017112600,00-0031228,0.0,0.0,0.0,0.0,3.0,3.0,16.0,1.0,0.0,0.0,0.0,15.0,15.0,0.0,0.0,0.0,0.0,0.0,0.0,0.0,0.0,0.0,2017,ATL,WR,T.Gabriel
2017120300,00-0031228,1.0,5.0,0.0,0.0,2.0,1.0,6.0,0.0,0.0,0.0,0.0,49.0,6.0,0.0,0.0,0.0,0.0,0.0,0.0,0.0,0.0,0.0,2017,ATL,WR,T.Gabriel
2017120700,00-0031228,1.0,9.0,0.0,0.0,1.0,1.0,10.0,0.0,0.0,0.0,0.0,10.0,10.0,0.0,0.0,0.0,0.0,0.0,0.0,0.0,0.0,0.0,2017,ATL,WR,T.Gabriel
2017122405,00-0031228,1.0,12.0,0.0,0.0,4.0,1.0,20.0,23.0,0.0,0.0,0.0,32.0,-3.0,0.0,0.0,0.0,0.0,0.0,0.0,0.0,0.0,0.0,2017,ATL,WR,T.Gabriel
2017123100,00-0031228,0.0,0.0,0.0,0.0,1.0,0.0,0.0,0.0,0.0,0.0,0.0,13.0,0.0,0.0,0.0,0.0,0.0,0.0,0.0,0.0,0.0,0.0,2017,ATL,WR,T.Gabriel
2017091002,00-0030456,7.0,40.0,0.0,0.0,2.0,1.0,39.0,41.0,0.0,0.0,0.0,2.0,-2.0,0.0,0.0,0.0,0.0,0.0,0.0,0.0,0.0,0.0,2017,CIN,RB,G.Bernard
2017091400,00-0030456,5.0,10.0,0.0,0.0,4.0,2.0,8.0,9.0,0.0,0.0,0.0,-3.0,-1.0,0.0,0.0,0.0,0.0,0.0,0.0,0.0,0.0,0.0,2017,CIN,RB,G.Bernard
2017092411,00-0030456,3.0,27.0,0.0,0.0,2.0,2.0,12.0,9.0,0.0,1.0,1.0,3.0,3.0,0.0,0.0,0.0,0.0,0.0,0.0,0.0,0.0,0.0,2017,CIN,RB,G.Bernard
2017100103,00-0030456,3.0,12.0,0.0,0.0,4.0,3.0,67.0,71.0,0.0,1.0,1.0,-9.0,-4.0,0.0,0.0,0.0,0.0,0.0,0.0,0.0,0.0,0.0,2017,CIN,RB,G.Bernard
2017100800,00-0030456,2.0,2.0,0.0,0.0,2.0,2.0,30.0,30.0,0.0,0.0,0.0,0.0,0.0,0.0,0.0,0.0,0.0,0.0,0.0,0.0,0.0,0.0,2017,CIN,RB,G.Bernard
2017102208,00-0030456,3.0,8.0,0.0,0.0,3.0,1.0,-1.0,3.0,1.0,0.0,0.0,-5.0,-4.0,0.0,0.0,0.0,0.0,0.0,0.0,0.0,0.0,0.0,2017,CIN,RB,G.Bernard
2017102902,00-0030456,2.0,5.0,0.0,0.0,2.0,0.0,0.0,0.0,0.0,0.0,0.0,0.0,0.0,0.0,0.0,0.0,0.0,0.0,0.0,0.0,0.0,0.0,2017,CIN,RB,G.Bernard
2017110502,00-0030456,1.0,-1.0,0.0,0.0,1.0,1.0,-5.0,3.0,0.0,0.0,0.0,-8.0,-8.0,0.0,0.0,0.0,0.0,0.0,0.0,0.0,0.0,0.0,2017,CIN,RB,G.Bernard
2017111206,00-0030456,2.0,10.0,0.0,0.0,6.0,5.0,38.0,27.0,0.0,0.0,0.0,7.0,11.0,0.0,0.0,0.0,0.0,0.0,0.0,0.0,0.0,0.0,2017,CIN,RB,G.Bernard
2017111908,00-0030456,3.0,-4.0,0.0,0.0,2.0,1.0,8.0,4.0,0.0,0.0,0.0,5.0,4.0,0.0,0.0,0.0,0.0,0.0,0.0,0.0,0.0,0.0,2017,CIN,RB,G.Bernard
2017112601,00-0030456,3.0,12.0,0.0,0.0,1.0,1.0,15.0,20.0,0.0,0.0,0.0,-5.0,-5.0,0.0,0.0,0.0,0.0,0.0,0.0,0.0,0.0,0.0,2017,CIN,RB,G.Bernard
2017120400,00-0030456,13.0,77.0,0.0,0.0,3.0,2.0,19.0,26.0,0.0,0.0,0.0,-9.0,-7.0,0.0,0.0,0.0,0.0,0.0,0.0,0.0,0.0,0.0,2017,CIN,RB,G.Bernard
2017121002,00-0030456,11.0,62.0,0.0,0.0,8.0,6.0,68.0,79.0,0.0,0.0,0.0,-8.0,-11.0,0.0,0.0,0.0,0.0,0.0,0.0,0.0,0.0,0.0,2017,CIN,RB,G.Bernard
2017121704,00-0030456,14.0,30.0,0.0,1.0,5.0,3.0,13.0,18.0,0.0,0.0,0.0,7.0,-5.0,0.0,0.0,0.0,0.0,0.0,0.0,0.0,0.0,0.0,2017,CIN,RB,G.Bernard
2017122402,00-0030456,23.0,116.0,0.0,1.0,7.0,7.0,52.0,49.0,0.0,0.0,0.0,3.0,3.0,0.0,0.0,0.0,0.0,0.0,0.0,0.0,0.0,0.0,2017,CIN,RB,G.Bernard
2017123101,00-0030456,10.0,53.0,0.0,0.0,9.0,6.0,18.0,39.0,0.0,0.0,0.0,-33.0,-21.0,0.0,0.0,0.0,0.0,0.0,0.0,0.0,0.0,0.0,2017,CIN,RB,G.Bernard
2017091002,00-0031577,21.0,72.0,0.0,0.0,1.0,0.0,0.0,0.0,0.0,0.0,0.0,5.0,0.0,0.0,0.0,0.0,0.0,0.0,0.0,0.0,0.0,0.0,2017,BAL,RB,J.Allen
2017091700,00-0031577,14.0,70.0,0.0,0.0,6.0,5.0,35.0,21.0,0.0,1.0,0.0,16.0,14.0,0.0,0.0,0.0,0.0,0.0,0.0,0.0,0.0,0.0,2017,BAL,RB,J.Allen
2017092400,00-0031577,8.0,15.0,0.0,0.0,6.0,5.0,13.0,6.0,0.0,0.0,0.0,7.0,7.0,0.0,0.0,0.0,0.0,0.0,0.0,0.0,0.0,0.0,2017,BAL,RB,J.Allen
2017100102,00-0031577,2.0,7.0,0.0,0.0,6.0,6.0,37.0,33.0,0.0,0.0,0.0,4.0,4.0,0.0,0.0,0.0,0.0,0.0,0.0,0.0,0.0,0.0,2017,BAL,RB,J.Allen
2017100809,00-0031577,21.0,73.0,0.0,1.0,5.0,4.0,12.0,17.0,0.0,0.0,0.0,-9.0,-5.0,0.0,0.0,0.0,0.0,0.0,0.0,0.0,0.0,0.0,2017,BAL,RB,J.Allen
2017101501,00-0031577,10.0,49.0,0.0,0.0,4.0,3.0,17.0,12.0,0.0,0.0,0.0,3.0,5.0,0.0,0.0,0.0,0.0,0.0,0.0,0.0,0.0,0.0,2017,BAL,RB,J.Allen
2017102207,00-0031577,6.0,20.0,0.0,0.0,11.0,8.0,29.0,37.0,1.0,0.0,0.0,8.0,-8.0,0.0,0.0,0.0,0.0,0.0,0.0,0.0,0.0,0.0,2017,BAL,RB,J.Allen
2017102600,00-0031577,17.0,55.0,0.0,0.0,3.0,1.0,2.0,7.0,0.0,0.0,0.0,-10.0,-5.0,0.0,0.0,0.0,0.0,0.0,0.0,0.0,0.0,0.0,2017,BAL,RB,J.Allen
2017110506,00-0031577,7.0,20.0,0.0,0.0,8.0,7.0,44.0,29.0,0.0,1.0,1.0,14.0,15.0,0.0,0.0,0.0,0.0,0.0,0.0,0.0,0.0,0.0,2017,BAL,RB,J.Allen
2017111902,00-0031577,3.0,8.0,0.0,0.0,1.0,1.0,9.0,9.0,0.0,0.0,0.0,0.0,0.0,0.0,0.0,0.0,0.0,0.0,0.0,0.0,0.0,0.0,2017,BAL,RB,J.Allen
2017112700,00-0031577,5.0,15.0,0.0,1.0,1.0,1.0,2.0,0.0,0.0,0.0,0.0,2.0,2.0,0.0,0.0,0.0,0.0,0.0,0.0,0.0,0.0,0.0,2017,BAL,RB,J.Allen
2017120301,00-0031577,7.0,22.0,0.0,0.0,1.0,1.0,4.0,1.0,0.0,0.0,0.0,3.0,3.0,0.0,0.0,0.0,0.0,0.0,0.0,0.0,0.0,0.0,2017,BAL,RB,J.Allen
2017121013,00-0031577,6.0,25.0,0.0,2.0,2.0,2.0,32.0,36.0,0.0,0.0,0.0,-4.0,-4.0,0.0,0.0,0.0,0.0,0.0,0.0,0.0,0.0,0.0,2017,BAL,RB,J.Allen
2017121702,00-0031577,13.0,70.0,0.0,0.0,3.0,1.0,4.0,1.0,0.0,0.0,0.0,6.0,3.0,0.0,0.0,0.0,0.0,0.0,0.0,0.0,0.0,0.0,2017,BAL,RB,J.Allen
2017122300,00-0031577,8.0,37.0,0.0,0.0,1.0,1.0,10.0,9.0,0.0,0.0,0.0,1.0,1.0,0.0,0.0,0.0,0.0,0.0,0.0,0.0,0.0,0.0,2017,BAL,RB,J.Allen
2017123101,00-0031577,5.0,37.0,0.0,0.0,1.0,0.0,0.0,0.0,0.0,0.0,0.0,1.0,0.0,0.0,0.0,0.0,0.0,0.0,0.0,0.0,0.0,0.0,2017,BAL,RB,J.Allen
2017091002,00-0032214,0.0,0.0,0.0,0.0,1.0,1.0,5.0,0.0,0.0,0.0,0.0,5.0,5.0,0.0,0.0,0.0,0.0,0.0,0.0,0.0,0.0,0.0,2017,CIN,TE,T.Kroft
2017092411,00-0032214,0.0,0.0,0.0,0.0,4.0,3.0,28.0,11.0,0.0,0.0,0.0,24.0,17.0,0.0,0.0,0.0,0.0,0.0,0.0,0.0,0.0,0.0,2017,CIN,TE,T.Kroft
2017100103,00-0032214,0.0,0.0,0.0,0.0,7.0,6.0,68.0,18.0,1.0,2.0,1.0,73.0,50.0,0.0,0.0,0.0,0.0,0.0,0.0,0.0,0.0,0.0,2017,CIN,TE,T.Kroft
2017100800,00-0032214,0.0,0.0,0.0,0.0,5.0,4.0,38.0,13.0,0.0,0.0,0.0,37.0,25.0,0.0,0.0,0.0,0.0,0.0,0.0,0.0,0.0,0.0,2017,CIN,TE,T.Kroft
2017102208,00-0032214,0.0,0.0,0.0,0.0,4.0,4.0,23.0,11.0,0.0,1.0,0.0,12.0,12.0,0.0,0.0,0.0,0.0,0.0,0.0,0.0,0.0,0.0,2017,CIN,TE,T.Kroft
2017102902,00-0032214,0.0,0.0,0.0,0.0,6.0,5.0,46.0,25.0,0.0,0.0,0.0,31.0,21.0,0.0,0.0,0.0,0.0,0.0,0.0,0.0,0.0,0.0,2017,CIN,TE,T.Kroft
2017110502,00-0032214,0.0,0.0,0.0,0.0,2.0,2.0,79.0,58.0,0.0,0.0,0.0,21.0,21.0,0.0,0.0,0.0,0.0,0.0,0.0,0.0,0.0,0.0,2017,CIN,TE,T.Kroft
2017111206,00-0032214,0.0,0.0,0.0,0.0,6.0,1.0,4.0,3.0,0.0,0.0,0.0,89.0,1.0,0.0,0.0,0.0,0.0,0.0,0.0,0.0,0.0,0.0,2017,CIN,TE,T.Kroft
2017111908,00-0032214,0.0,0.0,0.0,0.0,3.0,2.0,12.0,8.0,0.0,1.0,1.0,5.0,4.0,0.0,0.0,0.0,0.0,0.0,0.0,0.0,0.0,0.0,2017,CIN,TE,T.Kroft
2017112601,00-0032214,0.0,0.0,0.0,0.0,4.0,3.0,14.0,4.0,0.0,1.0,0.0,13.0,10.0,0.0,0.0,0.0,0.0,0.0,0.0,0.0,0.0,0.0,2017,CIN,TE,T.Kroft
2017120400,00-0032214,0.0,0.0,0.0,0.0,2.0,2.0,30.0,10.0,0.0,0.0,0.0,20.0,20.0,0.0,0.0,0.0,0.0,0.0,0.0,0.0,0.0,0.0,2017,CIN,TE,T.Kroft
2017121002,00-0032214,0.0,0.0,0.0,0.0,1.0,0.0,0.0,0.0,0.0,0.0,0.0,10.0,0.0,0.0,0.0,0.0,0.0,0.0,0.0,0.0,0.0,0.0,2017,CIN,TE,T.Kroft
2017121704,00-0032214,0.0,0.0,0.0,0.0,4.0,2.0,1.0,8.0,0.0,0.0,0.0,32.0,-7.0,0.0,0.0,0.0,0.0,0.0,0.0,0.0,0.0,0.0,2017,CIN,TE,T.Kroft
2017122402,00-0032214,0.0,0.0,0.0,0.0,5.0,1.0,3.0,1.0,0.0,0.0,0.0,49.0,2.0,0.0,0.0,0.0,0.0,0.0,0.0,0.0,0.0,0.0,2017,CIN,TE,T.Kroft
2017123101,00-0032214,0.0,0.0,0.0,0.0,8.0,6.0,53.0,23.0,0.0,2.0,0.0,44.0,30.0,0.0,0.0,0.0,0.0,0.0,0.0,0.0,0.0,0.0,2017,CIN,TE,T.Kroft
2017091003,00-0022924,0.0,0.0,0.0,0.0,0.0,0.0,0.0,0.0,0.0,0.0,0.0,0.0,0.0,36.0,24.0,268.0,228.0,114.0,0.0,1.0,2.0,1.0,2017,PIT,QB,B.Roethlisberger
2017091706,00-0022924,0.0,0.0,0.0,0.0,0.0,0.0,0.0,0.0,0.0,0.0,0.0,0.0,0.0,35.0,22.0,243.0,384.0,127.0,2.0,0.0,2.0,0.0,2017,PIT,QB,B.Roethlisberger
2017092403,00-0022924,1.0,6.0,0.0,0.0,0.0,0.0,0.0,0.0,0.0,0.0,0.0,0.0,0.0,39.0,22.0,235.0,480.0,140.0,2.0,0.0,1.0,0.0,2017,PIT,QB,B.Roethlisberger
2017100102,00-0022924,0.0,0.0,0.0,0.0,0.0,0.0,0.0,0.0,0.0,0.0,0.0,0.0,0.0,30.0,18.0,216.0,296.0,114.0,6.0,1.0,1.0,0.0,2017,PIT,QB,B.Roethlisberger
2017100807,00-0022924,1.0,1.0,0.0,0.0,0.0,0.0,0.0,0.0,0.0,0.0,0.0,0.0,0.0,54.0,33.0,312.0,475.0,188.0,2.0,5.0,2.0,2.0,2017,PIT,QB,B.Roethlisberger
2017101509,00-0022924,0.0,0.0,0.0,0.0,0.0,0.0,0.0,0.0,0.0,0.0,0.0,0.0,0.0,25.0,17.0,255.0,232.0,134.0,1.0,1.0,1.0,0.0,2017,PIT,QB,B.Roethlisberger
2017102208,00-0022924,0.0,0.0,0.0,0.0,0.0,0.0,0.0,0.0,0.0,0.0,0.0,0.0,0.0,24.0,14.0,224.0,311.0,110.0,1.0,0.0,2.0,1.0,2017,PIT,QB,B.Roethlisberger
2017102910,00-0022924,0.0,0.0,0.0,0.0,0.0,0.0,0.0,0.0,0.0,0.0,0.0,0.0,0.0,31.0,17.0,317.0,384.0,125.0,3.0,1.0,1.0,0.0,2017,PIT,QB,B.Roethlisberger
2017111203,00-0022924,2.0,5.0,1.0,0.0,0.0,0.0,0.0,0.0,0.0,0.0,0.0,0.0,0.0,31.0,19.0,236.0,239.0,90.0,2.0,1.0,2.0,2.0,2017,PIT,QB,B.Roethlisberger
2017111600,00-0022924,1.0,10.0,0.0,0.0,0.0,0.0,0.0,0.0,0.0,0.0,0.0,0.0,0.0,45.0,31.0,307.0,399.0,205.0,2.0,0.0,4.0,4.0,2017,PIT,QB,B.Roethlisberger
2017112611,00-0022924,3.0,25.0,0.0,0.0,0.0,0.0,0.0,0.0,0.0,0.0,0.0,0.0,0.0,45.0,33.0,351.0,306.0,187.0,1.0,2.0,5.0,3.0,2017,PIT,QB,B.Roethlisberger
2017120400,00-0022924,1.0,4.0,0.0,0.0,0.0,0.0,0.0,0.0,0.0,0.0,0.0,0.0,0.0,40.0,24.0,293.0,374.0,137.0,3.0,1.0,2.0,1.0,2017,PIT,QB,B.Roethlisberger
2017121013,00-0022924,1.0,5.0,0.0,0.0,0.0,0.0,0.0,0.0,0.0,0.0,0.0,0.0,0.0,64.0,44.0,508.0,505.0,292.0,4.0,0.0,2.0,1.0,2017,PIT,QB,B.Roethlisberger
2017121709,00-0022924,3.0,10.0,1.0,0.0,0.0,0.0,0.0,0.0,0.0,0.0,0.0,0.0,0.0,30.0,22.0,291.0,249.0,124.0,4.0,1.0,3.0,2.0,2017,PIT,QB,B.Roethlisberger
2017122500,00-0022924,0.0,0.0,0.0,0.0,0.0,0.0,0.0,0.0,0.0,0.0,0.0,0.0,0.0,29.0,20.0,231.0,151.0,75.0,1.0,0.0,2.0,1.0,2017,PIT,QB,B.Roethlisberger
2017091003,00-0031373,0.0,0.0,0.0,0.0,6.0,2.0,14.0,3.0,0.0,0.0,0.0,89.0,11.0,0.0,0.0,0.0,0.0,0.0,0.0,0.0,0.0,0.0,2017,PIT,WR,M.Bryant
2017091706,00-0031373,1.0,7.0,0.0,0.0,4.0,3.0,91.0,16.0,0.0,1.0,1.0,116.0,75.0,0.0,0.0,0.0,0.0,0.0,0.0,0.0,0.0,0.0,2017,PIT,WR,M.Bryant
2017092403,00-0031373,0.0,0.0,0.0,0.0,8.0,2.0,30.0,0.0,0.0,0.0,0.0,198.0,30.0,0.0,0.0,0.0,0.0,0.0,0.0,0.0,0.0,0.0,2017,PIT,WR,M.Bryant
2017100102,00-0031373,0.0,0.0,0.0,0.0,5.0,3.0,48.0,10.0,0.0,0.0,0.0,100.0,38.0,0.0,0.0,0.0,0.0,0.0,0.0,0.0,0.0,0.0,2017,PIT,WR,M.Bryant
2017100807,00-0031373,1.0,13.0,0.0,0.0,8.0,5.0,21.0,14.0,0.0,0.0,0.0,58.0,7.0,0.0,0.0,0.0,0.0,0.0,0.0,0.0,0.0,0.0,2017,PIT,WR,M.Bryant
2017101509,00-0031373,0.0,0.0,0.0,0.0,3.0,2.0,27.0,18.0,0.0,0.0,0.0,27.0,9.0,0.0,0.0,0.0,0.0,0.0,0.0,0.0,0.0,0.0,2017,PIT,WR,M.Bryant
2017102208,00-0031373,1.0,2.0,0.0,0.0,2.0,1.0,3.0,-1.0,0.0,0.0,0.0,54.0,4.0,0.0,0.0,0.0,0.0,0.0,0.0,0.0,0.0,0.0,2017,PIT,WR,M.Bryant
2017111203,00-0031373,1.0,-9.0,0.0,0.0,5.0,3.0,42.0,45.0,0.0,0.0,0.0,47.0,-3.0,0.0,0.0,0.0,0.0,0.0,0.0,0.0,0.0,0.0,2017,PIT,WR,M.Bryant
2017111600,00-0031373,0.0,0.0,0.0,0.0,4.0,2.0,30.0,3.0,0.0,0.0,0.0,46.0,27.0,0.0,0.0,0.0,0.0,0.0,0.0,0.0,0.0,0.0,2017,PIT,WR,M.Bryant
2017112611,00-0031373,1.0,1.0,0.0,0.0,6.0,4.0,40.0,6.0,0.0,1.0,0.0,55.0,34.0,0.0,0.0,0.0,0.0,0.0,0.0,0.0,0.0,0.0,2017,PIT,WR,M.Bryant
2017120400,00-0031373,0.0,0.0,0.0,0.0,6.0,4.0,40.0,3.0,0.0,0.0,0.0,77.0,37.0,0.0,0.0,0.0,0.0,0.0,0.0,0.0,0.0,0.0,2017,PIT,WR,M.Bryant
2017121013,00-0031373,0.0,0.0,0.0,0.0,10.0,6.0,33.0,7.0,0.0,0.0,0.0,98.0,26.0,0.0,0.0,0.0,0.0,0.0,0.0,0.0,0.0,0.0,2017,PIT,WR,M.Bryant
2017121709,00-0031373,0.0,0.0,0.0,0.0,6.0,4.0,59.0,3.0,0.0,1.0,0.0,98.0,56.0,0.0,0.0,0.0,0.0,0.0,0.0,0.0,0.0,0.0,2017,PIT,WR,M.Bryant
2017122500,00-0031373,1.0,8.0,0.0,0.0,4.0,3.0,60.0,23.0,0.0,0.0,0.0,62.0,37.0,0.0,0.0,0.0,0.0,0.0,0.0,0.0,0.0,0.0,2017,PIT,WR,M.Bryant
2017123109,00-0031373,0.0,0.0,0.0,0.0,7.0,6.0,65.0,20.0,0.0,0.0,0.0,78.0,45.0,0.0,0.0,0.0,0.0,0.0,0.0,0.0,0.0,0.0,2017,PIT,WR,M.Bryant
2017091003,00-0032257,0.0,0.0,0.0,0.0,5.0,2.0,20.0,9.0,0.0,0.0,0.0,87.0,11.0,0.0,0.0,0.0,0.0,0.0,0.0,0.0,0.0,0.0,2017,CLE,RB,D.Johnson
2017091700,00-0032257,4.0,21.0,0.0,0.0,6.0,3.0,59.0,22.0,0.0,0.0,0.0,41.0,37.0,0.0,0.0,0.0,0.0,0.0,0.0,0.0,0.0,0.0,2017,CLE,RB,D.Johnson
2017092405,00-0032257,2.0,23.0,0.0,1.0,7.0,6.0,81.0,61.0,0.0,0.0,0.0,24.0,20.0,0.0,0.0,0.0,0.0,0.0,0.0,0.0,0.0,0.0,2017,CLE,RB,D.Johnson
2017100103,00-0032257,4.0,13.0,0.0,1.0,10.0,9.0,47.0,37.0,0.0,0.0,0.0,4.0,10.0,0.0,0.0,0.0,0.0,0.0,0.0,0.0,0.0,0.0,2017,CLE,RB,D.Johnson
2017100801,00-0032257,6.0,20.0,0.0,0.0,3.0,3.0,74.0,72.0,0.0,1.0,1.0,-9.0,-9.0,0.0,0.0,0.0,0.0,0.0,0.0,0.0,0.0,0.0,2017,CLE,RB,D.Johnson
2017101502,00-0032257,5.0,40.0,0.0,0.0,5.0,3.0,-1.0,7.0,0.0,1.0,0.0,30.0,-8.0,0.0,0.0,0.0,0.0,0.0,0.0,0.0,0.0,0.0,2017,CLE,RB,D.Johnson
2017102202,00-0032257,7.0,26.0,0.0,0.0,7.0,6.0,45.0,62.0,0.0,0.0,0.0,-12.0,-17.0,0.0,0.0,0.0,0.0,0.0,0.0,0.0,0.0,0.0,2017,CLE,RB,D.Johnson
2017102900,00-0032257,6.0,33.0,0.0,0.0,5.0,4.0,10.0,25.0,0.0,0.0,0.0,-13.0,-15.0,0.0,0.0,0.0,0.0,0.0,0.0,0.0,0.0,0.0,2017,CLE,RB,D.Johnson
2017111202,00-0032257,10.0,54.0,0.0,0.0,6.0,6.0,34.0,38.0,0.0,0.0,0.0,-4.0,-4.0,0.0,0.0,0.0,0.0,0.0,0.0,0.0,0.0,0.0,2017,CLE,RB,D.Johnson
2017111901,00-0032257,2.0,10.0,0.0,0.0,6.0,4.0,56.0,29.0,0.0,1.0,1.0,27.0,27.0,0.0,0.0,0.0,0.0,0.0,0.0,0.0,0.0,0.0,2017,CLE,RB,D.Johnson
2017112601,00-0032257,6.0,35.0,0.0,0.0,5.0,4.0,32.0,25.0,0.0,0.0,0.0,7.0,7.0,0.0,0.0,0.0,0.0,0.0,0.0,0.0,0.0,0.0,2017,CLE,RB,D.Johnson
2017120310,00-0032257,7.0,5.0,0.0,0.0,4.0,2.0,10.0,11.0,0.0,0.0,0.0,18.0,-1.0,0.0,0.0,0.0,0.0,0.0,0.0,0.0,0.0,0.0,2017,CLE,RB,D.Johnson
2017121003,00-0032257,6.0,8.0,0.0,0.0,4.0,4.0,41.0,39.0,0.0,1.0,1.0,2.0,2.0,0.0,0.0,0.0,0.0,0.0,0.0,0.0,0.0,0.0,2017,CLE,RB,D.Johnson
2017121702,00-0032257,7.0,23.0,0.0,1.0,7.0,5.0,40.0,29.0,1.0,0.0,0.0,9.0,11.0,0.0,0.0,0.0,0.0,0.0,0.0,0.0,0.0,0.0,2017,CLE,RB,D.Johnson
2017122401,00-0032257,4.0,20.0,0.0,0.0,7.0,7.0,81.0,82.0,0.0,0.0,0.0,-1.0,-1.0,0.0,0.0,0.0,0.0,0.0,0.0,0.0,0.0,0.0,2017,CLE,RB,D.Johnson
2017123109,00-0032257,6.0,20.0,0.0,1.0,6.0,6.0,75.0,86.0,1.0,0.0,0.0,-11.0,-11.0,0.0,0.0,0.0,0.0,0.0,0.0,0.0,0.0,0.0,2017,CLE,RB,D.Johnson
2017091003,00-0033079,0.0,0.0,0.0,0.0,3.0,2.0,32.0,10.0,0.0,0.0,0.0,25.0,22.0,0.0,0.0,0.0,0.0,0.0,0.0,0.0,0.0,0.0,2017,CLE,WR,R.Louis
2017091700,00-0033079,0.0,0.0,0.0,0.0,2.0,2.0,27.0,15.0,0.0,0.0,0.0,12.0,12.0,0.0,0.0,0.0,0.0,0.0,0.0,0.0,0.0,0.0,2017,CLE,WR,R.Louis
2017092405,00-0033079,0.0,0.0,0.0,0.0,6.0,1.0,10.0,7.0,0.0,0.0,0.0,86.0,3.0,0.0,0.0,0.0,0.0,0.0,0.0,0.0,0.0,0.0,2017,CLE,WR,R.Louis
2017100103,00-0033079,0.0,0.0,0.0,0.0,9.0,5.0,64.0,3.0,0.0,0.0,0.0,93.0,61.0,0.0,0.0,0.0,0.0,0.0,0.0,0.0,0.0,0.0,2017,CLE,WR,R.Louis
2017100801,00-0033079,0.0,0.0,0.0,0.0,8.0,5.0,71.0,14.0,0.0,0.0,0.0,106.0,57.0,0.0,0.0,0.0,0.0,0.0,0.0,0.0,0.0,0.0,2017,CLE,WR,R.Louis
2017101502,00-0033079,0.0,0.0,0.0,0.0,7.0,3.0,25.0,0.0,0.0,0.0,0.0,129.0,25.0,0.0,0.0,0.0,0.0,0.0,0.0,0.0,0.0,0.0,2017,CLE,WR,R.Louis
2017102202,00-0033079,0.0,0.0,0.0,0.0,4.0,3.0,21.0,3.0,0.0,0.0,0.0,29.0,18.0,0.0,0.0,0.0,0.0,0.0,0.0,0.0,0.0,0.0,2017,CLE,WR,R.Louis
2017102900,00-0033079,0.0,0.0,0.0,0.0,6.0,2.0,42.0,10.0,0.0,0.0,0.0,70.0,32.0,0.0,0.0,0.0,0.0,0.0,0.0,0.0,0.0,0.0,2017,CLE,WR,R.Louis
2017111202,00-0033079,0.0,0.0,0.0,0.0,6.0,2.0,15.0,0.0,0.0,0.0,0.0,95.0,15.0,0.0,0.0,0.0,0.0,0.0,0.0,0.0,0.0,0.0,2017,CLE,WR,R.Louis
2017111901,00-0033079,0.0,0.0,0.0,0.0,4.0,1.0,15.0,5.0,0.0,0.0,0.0,20.0,10.0,0.0,0.0,0.0,0.0,0.0,0.0,0.0,0.0,0.0,2017,CLE,WR,R.Louis
2017112601,00-0033079,0.0,0.0,0.0,0.0,2.0,0.0,0.0,0.0,0.0,0.0,0.0,38.0,0.0,0.0,0.0,0.0,0.0,0.0,0.0,0.0,0.0,0.0,2017,CLE,WR,R.Louis
2017121702,00-0033079,0.0,0.0,0.0,0.0,1.0,0.0,0.0,0.0,0.0,0.0,0.0,16.0,0.0,0.0,0.0,0.0,0.0,0.0,0.0,0.0,0.0,0.0,2017,CLE,WR,R.Louis
2017122401,00-0033079,0.0,0.0,0.0,0.0,1.0,1.0,35.0,15.0,0.0,0.0,0.0,20.0,20.0,0.0,0.0,0.0,0.0,0.0,0.0,0.0,0.0,0.0,2017,CLE,WR,R.Louis
2017123109,00-0033079,0.0,0.0,0.0,0.0,2.0,0.0,0.0,0.0,0.0,0.0,0.0,33.0,0.0,0.0,0.0,0.0,0.0,0.0,0.0,0.0,0.0,0.0,2017,CLE,WR,R.Louis
2017091003,00-0033899,5.0,17.0,0.0,1.0,0.0,0.0,0.0,0.0,0.0,0.0,0.0,0.0,0.0,30.0,20.0,222.0,351.0,128.0,1.0,1.0,1.0,1.0,2017,CLE,QB,D.Kizer
2017091700,00-0033899,5.0,26.0,0.0,0.0,0.0,0.0,0.0,0.0,0.0,0.0,0.0,0.0,0.0,31.0,15.0,182.0,324.0,109.0,5.0,3.0,0.0,0.0,2017,CLE,QB,D.Kizer
2017092405,00-0033899,7.0,44.0,1.0,1.0,0.0,0.0,0.0,0.0,0.0,0.0,0.0,0.0,0.0,47.0,22.0,242.0,487.0,146.0,8.0,3.0,2.0,2.0,2017,CLE,QB,D.Kizer
2017100103,00-0033899,5.0,7.0,1.0,0.0,0.0,0.0,0.0,0.0,0.0,0.0,0.0,0.0,0.0,34.0,16.0,118.0,173.0,60.0,5.0,1.0,0.0,0.0,2017,CLE,QB,D.Kizer
2017100801,00-0033899,6.0,29.0,1.0,0.0,0.0,0.0,0.0,0.0,0.0,0.0,0.0,0.0,0.0,17.0,8.0,87.0,195.0,66.0,2.0,1.0,0.0,0.0,2017,CLE,QB,D.Kizer
2017102202,00-0033899,0.0,0.0,0.0,0.0,0.0,0.0,0.0,0.0,0.0,0.0,0.0,0.0,0.0,20.0,12.0,114.0,98.0,18.0,2.0,2.0,0.0,0.0,2017,CLE,QB,D.Kizer
2017102900,00-0033899,5.0,18.0,0.0,1.0,0.0,0.0,0.0,0.0,0.0,0.0,0.0,0.0,0.0,34.0,18.0,179.0,185.0,43.0,6.0,0.0,0.0,0.0,2017,CLE,QB,D.Kizer
2017111202,00-0033899,7.0,57.0,0.0,1.0,0.0,0.0,0.0,0.0,0.0,0.0,0.0,0.0,0.0,37.0,21.0,232.0,351.0,142.0,6.0,1.0,2.0,0.0,2017,CLE,QB,D.Kizer
2017111901,00-0033899,4.0,23.0,0.0,0.0,0.0,0.0,0.0,0.0,0.0,0.0,0.0,0.0,0.0,32.0,16.0,179.0,267.0,123.0,2.0,2.0,1.0,0.0,2017,CLE,QB,D.Kizer
2017112601,00-0033899,9.0,39.0,1.0,1.0,0.0,0.0,0.0,0.0,0.0,0.0,0.0,0.0,0.0,30.0,18.0,268.0,366.0,178.0,5.0,0.0,0.0,0.0,2017,CLE,QB,D.Kizer
2017120310,00-0033899,5.0,46.0,0.0,0.0,0.0,0.0,0.0,0.0,0.0,0.0,0.0,0.0,0.0,32.0,15.0,215.0,439.0,121.0,3.0,1.0,1.0,0.0,2017,CLE,QB,D.Kizer
2017121003,00-0033899,1.0,8.0,0.0,0.0,0.0,0.0,0.0,0.0,0.0,0.0,0.0,0.0,0.0,28.0,20.0,230.0,245.0,99.0,2.0,2.0,3.0,1.0,2017,CLE,QB,D.Kizer
2017121702,00-0033899,7.0,35.0,0.0,0.0,0.0,0.0,0.0,0.0,0.0,0.0,0.0,0.0,0.0,37.0,20.0,146.0,280.0,69.0,4.0,2.0,0.0,0.0,2017,CLE,QB,D.Kizer
2017122401,00-0033899,3.0,8.0,0.0,0.0,0.0,0.0,0.0,0.0,0.0,0.0,0.0,0.0,0.0,36.0,18.0,182.0,218.0,48.0,8.0,2.0,0.0,0.0,2017,CLE,QB,D.Kizer
2017123109,00-0033899,6.0,61.0,0.0,0.0,0.0,0.0,0.0,0.0,0.0,0.0,0.0,0.0,0.0,30.0,16.0,316.0,287.0,104.0,4.0,1.0,3.0,1.0,2017,CLE,QB,D.Kizer
2017091004,00-0022921,0.0,0.0,0.0,0.0,13.0,6.0,74.0,44.0,0.0,0.0,0.0,144.0,30.0,0.0,0.0,0.0,0.0,0.0,0.0,0.0,0.0,0.0,2017,ARI,WR,L.Fitzgerald
2017091702,00-0022921,0.0,0.0,0.0,0.0,6.0,3.0,21.0,17.0,0.0,0.0,0.0,29.0,4.0,0.0,0.0,0.0,0.0,0.0,0.0,0.0,0.0,0.0,2017,ARI,WR,L.Fitzgerald
2017092500,00-0022921,0.0,0.0,0.0,0.0,15.0,13.0,149.0,45.0,0.0,1.0,0.0,138.0,104.0,0.0,0.0,0.0,0.0,0.0,0.0,0.0,0.0,0.0,2017,ARI,WR,L.Fitzgerald
2017100109,00-0022921,0.0,0.0,0.0,0.0,7.0,4.0,32.0,18.0,0.0,1.0,0.0,31.0,14.0,0.0,0.0,0.0,0.0,0.0,0.0,0.0,0.0,0.0,2017,ARI,WR,L.Fitzgerald
2017100806,00-0022921,0.0,0.0,0.0,0.0,10.0,6.0,51.0,29.0,0.0,0.0,0.0,44.0,22.0,0.0,0.0,0.0,0.0,0.0,0.0,0.0,0.0,0.0,2017,ARI,WR,L.Fitzgerald
2017101507,00-0022921,0.0,0.0,0.0,0.0,11.0,10.0,138.0,37.0,1.0,2.0,1.0,107.0,101.0,0.0,0.0,0.0,0.0,0.0,0.0,0.0,0.0,0.0,2017,ARI,WR,L.Fitzgerald
2017102205,00-0022921,0.0,0.0,0.0,0.0,3.0,3.0,29.0,21.0,0.0,0.0,0.0,8.0,8.0,0.0,0.0,0.0,0.0,0.0,0.0,0.0,0.0,0.0,2017,ARI,WR,L.Fitzgerald
2017110507,00-0022921,0.0,0.0,0.0,0.0,9.0,5.0,70.0,25.0,0.0,0.0,0.0,79.0,45.0,0.0,0.0,0.0,0.0,0.0,0.0,0.0,0.0,0.0,2017,ARI,WR,L.Fitzgerald
2017110900,00-0022921,0.0,0.0,0.0,0.0,14.0,10.0,113.0,16.0,0.0,0.0,0.0,184.0,97.0,0.0,0.0,0.0,0.0,0.0,0.0,0.0,0.0,0.0,2017,ARI,WR,L.Fitzgerald
2017111903,00-0022921,0.0,0.0,0.0,0.0,10.0,9.0,91.0,37.0,0.0,1.0,1.0,68.0,54.0,0.0,0.0,0.0,0.0,0.0,0.0,0.0,0.0,0.0,2017,ARI,WR,L.Fitzgerald
2017112609,00-0022921,0.0,0.0,0.0,0.0,8.0,3.0,12.0,1.0,0.0,0.0,0.0,51.0,11.0,0.0,0.0,0.0,0.0,0.0,0.0,0.0,0.0,0.0,2017,ARI,WR,L.Fitzgerald
2017120311,00-0022921,0.0,0.0,0.0,0.0,10.0,10.0,98.0,31.0,0.0,1.0,0.0,67.0,67.0,0.0,0.0,0.0,0.0,0.0,0.0,0.0,0.0,0.0,2017,ARI,WR,L.Fitzgerald
2017121008,00-0022921,0.0,0.0,0.0,0.0,7.0,5.0,44.0,11.0,0.0,0.0,0.0,74.0,33.0,0.0,0.0,0.0,0.0,0.0,0.0,0.0,0.0,0.0,2017,ARI,WR,L.Fitzgerald
2017121707,00-0022921,0.0,0.0,0.0,0.0,10.0,5.0,61.0,26.0,0.0,0.0,0.0,71.0,34.0,0.0,0.0,0.0,0.0,0.0,0.0,0.0,0.0,0.0,2017,ARI,WR,L.Fitzgerald
2017122410,00-0022921,0.0,0.0,0.0,0.0,15.0,9.0,128.0,34.0,0.0,1.0,1.0,151.0,85.0,1.0,1.0,21.0,18.0,18.0,0.0,0.0,0.0,0.0,2017,ARI,WR,L.Fitzgerald
2017123115,00-0022921,0.0,0.0,0.0,0.0,13.0,8.0,55.0,16.0,0.0,0.0,0.0,90.0,39.0,0.0,0.0,0.0,0.0,0.0,0.0,0.0,0.0,0.0,2017,ARI,WR,L.Fitzgerald
2017091004,00-0030107,1.0,-1.0,0.0,0.0,7.0,6.0,27.0,19.0,0.0,1.0,1.0,9.0,8.0,0.0,0.0,0.0,0.0,0.0,0.0,0.0,0.0,0.0,2017,DET,RB,T.Riddick
2017091800,00-0030107,9.0,20.0,0.0,0.0,3.0,3.0,17.0,19.0,0.0,0.0,0.0,-2.0,-2.0,0.0,0.0,0.0,0.0,0.0,0.0,0.0,0.0,0.0,2017,DET,RB,T.Riddick
2017092404,00-0030107,0.0,0.0,0.0,0.0,9.0,4.0,38.0,26.0,0.0,0.0,0.0,24.0,12.0,0.0,0.0,0.0,0.0,0.0,0.0,0.0,0.0,0.0,2017,DET,RB,T.Riddick
2017100106,00-0030107,4.0,4.0,0.0,0.0,2.0,1.0,8.0,9.0,0.0,0.0,0.0,4.0,-1.0,0.0,0.0,0.0,0.0,0.0,0.0,0.0,0.0,0.0,2017,DET,RB,T.Riddick
2017100802,00-0030107,2.0,8.0,0.0,0.0,5.0,4.0,45.0,44.0,0.0,0.0,0.0,5.0,1.0,0.0,0.0,0.0,0.0,0.0,0.0,0.0,0.0,0.0,2017,DET,RB,T.Riddick
2017101504,00-0030107,2.0,8.0,0.0,0.0,7.0,5.0,45.0,55.0,1.0,0.0,0.0,-7.0,-10.0,0.0,0.0,0.0,0.0,0.0,0.0,0.0,0.0,0.0,2017,DET,RB,T.Riddick
2017102910,00-0030107,4.0,21.0,0.0,0.0,2.0,2.0,24.0,27.0,0.0,0.0,0.0,-3.0,-3.0,0.0,0.0,0.0,0.0,0.0,0.0,0.0,0.0,0.0,2017,DET,RB,T.Riddick
2017110600,00-0030107,5.0,11.0,0.0,0.0,4.0,4.0,62.0,65.0,0.0,0.0,0.0,-3.0,-3.0,0.0,0.0,0.0,0.0,0.0,0.0,0.0,0.0,0.0,2017,DET,RB,T.Riddick
2017111202,00-0030107,4.0,35.0,0.0,0.0,3.0,3.0,12.0,11.0,0.0,1.0,1.0,1.0,1.0,0.0,0.0,0.0,0.0,0.0,0.0,0.0,0.0,0.0,2017,DET,RB,T.Riddick
2017111900,00-0030107,9.0,35.0,0.0,0.0,2.0,1.0,4.0,4.0,0.0,0.0,0.0,15.0,0.0,0.0,0.0,0.0,0.0,0.0,0.0,0.0,0.0,0.0,2017,DET,RB,T.Riddick
2017112300,00-0030107,5.0,20.0,0.0,0.0,2.0,1.0,10.0,6.0,0.0,0.0,0.0,3.0,4.0,0.0,0.0,0.0,0.0,0.0,0.0,0.0,0.0,0.0,2017,DET,RB,T.Riddick
2017120301,00-0030107,9.0,21.0,0.0,1.0,5.0,5.0,41.0,49.0,0.0,0.0,0.0,-8.0,-8.0,0.0,0.0,0.0,0.0,0.0,0.0,0.0,0.0,0.0,2017,DET,RB,T.Riddick
2017121007,00-0030107,10.0,31.0,0.0,2.0,10.0,6.0,64.0,59.0,0.0,0.0,0.0,19.0,5.0,0.0,0.0,0.0,0.0,0.0,0.0,0.0,0.0,0.0,2017,DET,RB,T.Riddick
2017121600,00-0030107,8.0,49.0,1.0,0.0,3.0,3.0,12.0,10.0,0.0,0.0,0.0,2.0,2.0,0.0,0.0,0.0,0.0,0.0,0.0,0.0,0.0,0.0,2017,DET,RB,T.Riddick
2017122402,00-0030107,8.0,16.0,0.0,0.0,4.0,3.0,23.0,18.0,0.0,0.0,0.0,8.0,5.0,0.0,0.0,0.0,0.0,0.0,0.0,0.0,0.0,0.0,2017,DET,RB,T.Riddick
2017123102,00-0030107,4.0,10.0,0.0,0.0,3.0,2.0,12.0,14.0,0.0,0.0,0.0,2.0,-2.0,0.0,0.0,0.0,0.0,0.0,0.0,0.0,0.0,0.0,2017,DET,RB,T.Riddick
2017091005,00-0030564,0.0,0.0,0.0,0.0,16.0,7.0,46.0,7.0,1.0,2.0,0.0,168.0,48.0,0.0,0.0,0.0,0.0,0.0,0.0,0.0,0.0,0.0,2017,HOU,WR,D.Hopkins
2017091400,00-0030564,0.0,0.0,0.0,0.0,13.0,7.0,73.0,10.0,0.0,0.0,0.0,114.0,63.0,0.0,0.0,0.0,0.0,0.0,0.0,0.0,0.0,0.0,2017,HOU,WR,D.Hopkins
2017092407,00-0030564,0.0,0.0,0.0,0.0,8.0,7.0,76.0,0.0,0.0,0.0,0.0,102.0,76.0,0.0,0.0,0.0,0.0,0.0,0.0,0.0,0.0,0.0,2017,HOU,WR,D.Hopkins
2017100105,00-0030564,0.0,0.0,0.0,0.0,12.0,10.0,107.0,31.0,0.0,1.0,0.0,97.0,76.0,0.0,0.0,0.0,0.0,0.0,0.0,0.0,0.0,0.0,2017,HOU,WR,D.Hopkins
2017100811,00-0030564,0.0,0.0,0.0,0.0,12.0,4.0,52.0,9.0,0.0,3.0,0.0,221.0,43.0,0.0,0.0,0.0,0.0,0.0,0.0,0.0,0.0,0.0,2017,HOU,WR,D.Hopkins
2017101502,00-0030564,0.0,0.0,0.0,0.0,4.0,2.0,19.0,1.0,0.0,1.0,0.0,34.0,18.0,0.0,0.0,0.0,0.0,0.0,0.0,0.0,0.0,0.0,2017,HOU,WR,D.Hopkins
2017102908,00-0030564,0.0,0.0,0.0,0.0,11.0,8.0,224.0,112.0,0.0,2.0,1.0,162.0,112.0,0.0,0.0,0.0,0.0,0.0,0.0,0.0,0.0,0.0,2017,HOU,WR,D.Hopkins
2017110501,00-0030564,0.0,0.0,0.0,0.0,16.0,6.0,86.0,16.0,0.0,1.0,0.0,207.0,70.0,0.0,0.0,0.0,0.0,0.0,0.0,0.0,0.0,0.0,2017,HOU,WR,D.Hopkins
2017111208,00-0030564,0.0,0.0,0.0,0.0,14.0,7.0,111.0,22.0,0.0,0.0,0.0,161.0,89.0,0.0,0.0,0.0,0.0,0.0,0.0,0.0,0.0,0.0,2017,HOU,WR,D.Hopkins
2017111903,00-0030564,0.0,0.0,0.0,0.0,9.0,4.0,76.0,24.0,0.0,1.0,1.0,159.0,52.0,0.0,0.0,0.0,0.0,0.0,0.0,0.0,0.0,0.0,2017,HOU,WR,D.Hopkins
2017112700,00-0030564,0.0,0.0,0.0,0.0,10.0,7.0,125.0,40.0,0.0,0.0,0.0,103.0,85.0,0.0,0.0,0.0,0.0,0.0,0.0,0.0,0.0,0.0,2017,HOU,WR,D.Hopkins
2017120309,00-0030564,0.0,0.0,0.0,0.0,14.0,8.0,84.0,27.0,0.0,1.0,0.0,133.0,53.0,0.0,0.0,0.0,0.0,0.0,0.0,0.0,0.0,0.0,2017,HOU,WR,D.Hopkins
2017121004,00-0030564,0.0,0.0,0.0,0.0,16.0,10.0,149.0,23.0,1.0,2.0,0.0,240.0,104.0,0.0,0.0,0.0,0.0,0.0,0.0,0.0,0.0,0.0,2017,HOU,WR,D.Hopkins
2017121703,00-0030564,0.0,0.0,0.0,0.0,13.0,4.0,80.0,1.0,0.0,1.0,0.0,261.0,79.0,0.0,0.0,0.0,0.0,0.0,0.0,0.0,0.0,0.0,2017,HOU,WR,D.Hopkins
2017122500,00-0030564,0.0,0.0,0.0,0.0,6.0,4.0,65.0,36.0,0.0,1.0,0.0,71.0,29.0,0.0,0.0,0.0,0.0,0.0,0.0,0.0,0.0,0.0,2017,HOU,WR,D.Hopkins
2017091005,00-0031407,1.0,15.0,0.0,0.0,0.0,0.0,0.0,0.0,0.0,0.0,0.0,0.0,0.0,21.0,11.0,125.0,173.0,67.0,2.0,0.0,1.0,1.0,2017,JAX,QB,B.Bortles
2017091703,00-0031407,4.0,29.0,0.0,0.0,0.0,0.0,0.0,0.0,0.0,0.0,0.0,0.0,0.0,34.0,20.0,226.0,260.0,131.0,4.0,2.0,1.0,0.0,2017,JAX,QB,B.Bortles
2017092400,00-0031407,3.0,18.0,0.0,0.0,0.0,0.0,0.0,0.0,0.0,0.0,0.0,0.0,0.0,31.0,20.0,244.0,188.0,121.0,2.0,0.0,4.0,2.0,2017,JAX,QB,B.Bortles
2017100108,00-0031407,3.0,39.0,0.0,0.0,0.0,0.0,0.0,0.0,0.0,0.0,0.0,0.0,0.0,35.0,15.0,146.0,245.0,47.0,5.0,1.0,1.0,0.0,2017,JAX,QB,B.Bortles
2017100807,00-0031407,1.0,9.0,0.0,0.0,0.0,0.0,0.0,0.0,0.0,0.0,0.0,0.0,0.0,14.0,8.0,95.0,114.0,42.0,3.0,1.0,0.0,0.0,2017,JAX,QB,B.Bortles
2017101508,00-0031407,2.0,19.0,0.0,0.0,0.0,0.0,0.0,0.0,0.0,0.0,0.0,0.0,0.0,35.0,23.0,241.0,187.0,80.0,4.0,1.0,1.0,0.0,2017,JAX,QB,B.Bortles
2017102204,00-0031407,3.0,12.0,0.0,0.0,0.0,0.0,0.0,0.0,0.0,0.0,0.0,0.0,0.0,26.0,18.0,330.0,267.0,151.0,3.0,0.0,1.0,1.0,2017,JAX,QB,B.Bortles
2017110502,00-0031407,4.0,21.0,0.0,0.0,0.0,0.0,0.0,0.0,0.0,0.0,0.0,0.0,0.0,38.0,24.0,259.0,281.0,125.0,4.0,0.0,1.0,1.0,2017,JAX,QB,B.Bortles
2017111204,00-0031407,5.0,34.0,0.0,0.0,0.0,0.0,0.0,0.0,0.0,0.0,0.0,0.0,0.0,52.0,29.0,293.0,492.0,151.0,7.0,2.0,1.0,1.0,2017,JAX,QB,B.Bortles
2017111901,00-0031407,3.0,2.0,1.0,0.0,0.0,0.0,0.0,0.0,0.0,0.0,0.0,0.0,0.0,30.0,17.0,154.0,169.0,75.0,3.0,0.0,1.0,1.0,2017,JAX,QB,B.Bortles
2017112609,00-0031407,6.0,58.0,1.0,2.0,0.0,0.0,0.0,0.0,0.0,0.0,0.0,0.0,0.0,32.0,19.0,160.0,254.0,38.0,1.0,1.0,0.0,0.0,2017,JAX,QB,B.Bortles
2017120305,00-0031407,3.0,27.0,0.0,0.0,0.0,0.0,0.0,0.0,0.0,0.0,0.0,0.0,0.0,35.0,26.0,309.0,255.0,181.0,1.0,0.0,2.0,2.0,2017,JAX,QB,B.Bortles
2017121005,00-0031407,2.0,3.0,0.0,0.0,0.0,0.0,0.0,0.0,0.0,0.0,0.0,0.0,0.0,27.0,18.0,275.0,229.0,170.0,1.0,0.0,2.0,1.0,2017,JAX,QB,B.Bortles
2017121703,00-0031407,0.0,0.0,0.0,0.0,0.0,0.0,0.0,0.0,0.0,0.0,0.0,0.0,0.0,29.0,21.0,326.0,158.0,125.0,4.0,0.0,3.0,1.0,2017,JAX,QB,B.Bortles
2017122409,00-0031407,5.0,31.0,1.0,0.0,0.0,0.0,0.0,0.0,0.0,0.0,0.0,0.0,0.0,50.0,32.0,374.0,390.0,216.0,4.0,3.0,3.0,3.0,2017,JAX,QB,B.Bortles
2017123111,00-0031407,1.0,9.0,0.0,0.0,0.0,0.0,0.0,0.0,0.0,0.0,0.0,0.0,0.0,34.0,15.0,159.0,359.0,56.0,3.0,2.0,0.0,0.0,2017,JAX,QB,B.Bortles
2017091007,00-0024389,0.0,0.0,0.0,0.0,9.0,7.0,76.0,9.0,0.0,0.0,0.0,107.0,67.0,0.0,0.0,0.0,0.0,0.0,0.0,0.0,0.0,0.0,2017,TEN,TE,D.Walker
2017091703,00-0024389,1.0,1.0,0.0,1.0,4.0,4.0,61.0,9.0,0.0,0.0,0.0,52.0,52.0,0.0,0.0,0.0,0.0,0.0,0.0,0.0,0.0,0.0,2017,TEN,TE,D.Walker
2017092410,00-0024389,0.0,0.0,0.0,0.0,6.0,4.0,31.0,6.0,0.0,0.0,0.0,24.0,25.0,0.0,0.0,0.0,0.0,0.0,0.0,0.0,0.0,0.0,2017,TEN,TE,D.Walker
2017100105,00-0024389,0.0,0.0,0.0,0.0,7.0,3.0,51.0,14.0,0.0,1.0,0.0,78.0,37.0,0.0,0.0,0.0,0.0,0.0,0.0,0.0,0.0,0.0,2017,TEN,TE,D.Walker
2017100804,00-0024389,0.0,0.0,0.0,0.0,5.0,3.0,25.0,5.0,0.0,0.0,0.0,37.0,20.0,0.0,0.0,0.0,0.0,0.0,0.0,0.0,0.0,0.0,2017,TEN,TE,D.Walker
2017101600,00-0024389,1.0,-3.0,0.0,0.0,8.0,4.0,17.0,19.0,0.0,0.0,0.0,45.0,-2.0,0.0,0.0,0.0,0.0,0.0,0.0,0.0,0.0,0.0,2017,TEN,TE,D.Walker
2017102202,00-0024389,0.0,0.0,0.0,0.0,10.0,7.0,63.0,14.0,1.0,0.0,0.0,114.0,49.0,0.0,0.0,0.0,0.0,0.0,0.0,0.0,0.0,0.0,2017,TEN,TE,D.Walker
2017110506,00-0024389,0.0,0.0,0.0,0.0,5.0,5.0,77.0,22.0,0.0,0.0,0.0,49.0,49.0,0.0,0.0,0.0,0.0,0.0,0.0,0.0,0.0,0.0,2017,TEN,TE,D.Walker
2017111206,00-0024389,0.0,0.0,0.0,0.0,9.0,6.0,63.0,19.0,0.0,0.0,0.0,91.0,44.0,0.0,0.0,0.0,0.0,0.0,0.0,0.0,0.0,0.0,2017,TEN,TE,D.Walker
2017111600,00-0024389,0.0,0.0,0.0,0.0,9.0,6.0,92.0,37.0,0.0,0.0,0.0,88.0,55.0,0.0,0.0,0.0,0.0,0.0,0.0,0.0,0.0,0.0,2017,TEN,TE,D.Walker
2017112602,00-0024389,0.0,0.0,0.0,0.0,5.0,4.0,63.0,20.0,0.0,1.0,0.0,67.0,43.0,0.0,0.0,0.0,0.0,0.0,0.0,0.0,0.0,0.0,2017,TEN,TE,D.Walker
2017120309,00-0024389,0.0,0.0,0.0,0.0,5.0,5.0,64.0,14.0,0.0,1.0,1.0,49.0,49.0,0.0,0.0,0.0,0.0,0.0,0.0,0.0,0.0,0.0,2017,TEN,TE,D.Walker
2017121008,00-0024389,0.0,0.0,0.0,0.0,9.0,5.0,42.0,21.0,0.0,0.0,0.0,87.0,21.0,0.0,0.0,0.0,0.0,0.0,0.0,0.0,0.0,0.0,2017,TEN,TE,D.Walker
2017121710,00-0024389,0.0,0.0,0.0,0.0,10.0,5.0,37.0,14.0,1.0,1.0,0.0,76.0,23.0,0.0,0.0,0.0,0.0,0.0,0.0,0.0,0.0,0.0,2017,TEN,TE,D.Walker
2017122407,00-0024389,0.0,0.0,0.0,0.0,5.0,3.0,33.0,20.0,0.0,0.0,0.0,20.0,13.0,0.0,0.0,0.0,0.0,0.0,0.0,0.0,0.0,0.0,2017,TEN,TE,D.Walker
2017123111,00-0024389,0.0,0.0,0.0,0.0,5.0,3.0,19.0,2.0,0.0,0.0,0.0,30.0,17.0,0.0,0.0,0.0,0.0,0.0,0.0,0.0,0.0,0.0,2017,TEN,TE,D.Walker
2017091007,00-0028009,12.0,44.0,0.0,0.0,2.0,2.0,16.0,9.0,0.0,0.0,0.0,7.0,7.0,0.0,0.0,0.0,0.0,0.0,0.0,0.0,0.0,0.0,2017,TEN,RB,D.Murray
2017091703,00-0028009,9.0,25.0,0.0,0.0,2.0,1.0,3.0,2.0,0.0,0.0,0.0,-1.0,1.0,0.0,0.0,0.0,0.0,0.0,0.0,0.0,0.0,0.0,2017,TEN,RB,D.Murray
2017092410,00-0028009,14.0,115.0,0.0,1.0,2.0,1.0,5.0,6.0,0.0,0.0,0.0,-2.0,-1.0,0.0,0.0,0.0,0.0,0.0,0.0,0.0,0.0,0.0,2017,TEN,RB,D.Murray
2017100105,00-0028009,7.0,31.0,0.0,0.0,2.0,2.0,4.0,7.0,0.0,0.0,0.0,-3.0,-3.0,0.0,0.0,0.0,0.0,0.0,0.0,0.0,0.0,0.0,2017,TEN,RB,D.Murray
2017100804,00-0028009,14.0,58.0,1.0,0.0,5.0,4.0,11.0,5.0,0.0,0.0,0.0,6.0,6.0,0.0,0.0,0.0,0.0,0.0,0.0,0.0,0.0,0.0,2017,TEN,RB,D.Murray
2017101600,00-0028009,12.0,40.0,0.0,1.0,4.0,4.0,47.0,32.0,0.0,0.0,0.0,15.0,15.0,0.0,0.0,0.0,0.0,0.0,0.0,0.0,0.0,0.0,2017,TEN,RB,D.Murray
2017102202,00-0028009,18.0,59.0,0.0,0.0,4.0,3.0,17.0,12.0,0.0,0.0,0.0,5.0,5.0,0.0,0.0,0.0,0.0,0.0,0.0,0.0,0.0,0.0,2017,TEN,RB,D.Murray
2017110506,00-0028009,9.0,19.0,0.0,0.0,2.0,2.0,22.0,27.0,0.0,0.0,0.0,-5.0,-5.0,0.0,0.0,0.0,0.0,0.0,0.0,0.0,0.0,0.0,2017,TEN,RB,D.Murray
2017111206,00-0028009,14.0,42.0,0.0,2.0,4.0,4.0,30.0,24.0,0.0,1.0,1.0,6.0,6.0,0.0,0.0,0.0,0.0,0.0,0.0,0.0,0.0,0.0,2017,TEN,RB,D.Murray
2017111600,00-0028009,8.0,10.0,0.0,0.0,6.0,5.0,37.0,41.0,0.0,0.0,0.0,-4.0,-4.0,0.0,0.0,0.0,0.0,0.0,0.0,0.0,0.0,0.0,2017,TEN,RB,D.Murray
2017112602,00-0028009,12.0,9.0,0.0,1.0,4.0,3.0,33.0,31.0,0.0,0.0,0.0,1.0,2.0,0.0,0.0,0.0,0.0,0.0,0.0,0.0,0.0,0.0,2017,TEN,RB,D.Murray
2017120309,00-0028009,11.0,66.0,0.0,0.0,2.0,2.0,13.0,20.0,0.0,0.0,0.0,-7.0,-7.0,0.0,0.0,0.0,0.0,0.0,0.0,0.0,0.0,0.0,2017,TEN,RB,D.Murray
2017121008,00-0028009,11.0,79.0,0.0,0.0,3.0,2.0,13.0,12.0,0.0,0.0,0.0,0.0,1.0,0.0,0.0,0.0,0.0,0.0,0.0,0.0,0.0,0.0,2017,TEN,RB,D.Murray
2017121710,00-0028009,18.0,66.0,0.0,0.0,1.0,1.0,4.0,2.0,0.0,0.0,0.0,2.0,2.0,0.0,0.0,0.0,0.0,0.0,0.0,0.0,0.0,0.0,2017,TEN,RB,D.Murray
2017122407,00-0028009,15.0,48.0,0.0,1.0,4.0,3.0,11.0,14.0,0.0,0.0,0.0,-9.0,-3.0,0.0,0.0,0.0,0.0,0.0,0.0,0.0,0.0,0.0,2017,TEN,RB,D.Murray
2017091007,00-0031544,0.0,0.0,0.0,0.0,13.0,5.0,62.0,42.0,0.0,1.0,1.0,72.0,20.0,0.0,0.0,0.0,0.0,0.0,0.0,0.0,0.0,0.0,2017,OAK,WR,A.Cooper
2017091709,00-0031544,0.0,0.0,0.0,0.0,5.0,4.0,33.0,14.0,0.0,0.0,0.0,27.0,19.0,0.0,0.0,0.0,0.0,0.0,0.0,0.0,0.0,0.0,2017,OAK,WR,A.Cooper
2017092413,00-0031544,0.0,0.0,0.0,0.0,5.0,1.0,6.0,1.0,0.0,0.0,0.0,111.0,5.0,0.0,0.0,0.0,0.0,0.0,0.0,0.0,0.0,0.0,2017,OAK,WR,A.Cooper
2017100112,00-0031544,0.0,0.0,0.0,0.0,8.0,2.0,9.0,2.0,0.0,0.0,0.0,100.0,7.0,0.0,0.0,0.0,0.0,0.0,0.0,0.0,0.0,0.0,2017,OAK,WR,A.Cooper
2017100809,00-0031544,0.0,0.0,0.0,0.0,2.0,1.0,8.0,2.0,0.0,0.0,0.0,13.0,6.0,0.0,0.0,0.0,0.0,0.0,0.0,0.0,0.0,0.0,2017,OAK,WR,A.Cooper
2017101510,00-0031544,0.0,0.0,0.0,0.0,6.0,5.0,28.0,12.0,0.0,0.0,0.0,42.0,16.0,0.0,0.0,0.0,0.0,0.0,0.0,0.0,0.0,0.0,2017,OAK,WR,A.Cooper
2017101900,00-0031544,0.0,0.0,0.0,0.0,19.0,11.0,210.0,78.0,0.0,2.0,2.0,259.0,132.0,0.0,0.0,0.0,0.0,0.0,0.0,0.0,0.0,0.0,2017,OAK,WR,A.Cooper
2017102901,00-0031544,1.0,4.0,0.0,0.0,10.0,5.0,48.0,16.0,0.0,0.0,0.0,99.0,32.0,0.0,0.0,0.0,0.0,0.0,0.0,0.0,0.0,0.0,2017,OAK,WR,A.Cooper
2017110510,00-0031544,0.0,0.0,0.0,0.0,9.0,4.0,58.0,24.0,0.0,0.0,0.0,147.0,34.0,0.0,0.0,0.0,0.0,0.0,0.0,0.0,0.0,0.0,2017,OAK,WR,A.Cooper
2017111909,00-0031544,0.0,0.0,0.0,0.0,7.0,3.0,28.0,6.0,0.0,1.0,1.0,76.0,22.0,0.0,0.0,0.0,0.0,0.0,0.0,0.0,0.0,0.0,2017,OAK,WR,A.Cooper
2017112610,00-0031544,0.0,0.0,0.0,0.0,1.0,1.0,9.0,0.0,0.0,1.0,0.0,9.0,9.0,0.0,0.0,0.0,0.0,0.0,0.0,0.0,0.0,0.0,2017,OAK,WR,A.Cooper
2017121006,00-0031544,0.0,0.0,0.0,0.0,1.0,0.0,0.0,0.0,0.0,0.0,0.0,26.0,0.0,0.0,0.0,0.0,0.0,0.0,0.0,0.0,0.0,0.0,2017,OAK,WR,A.Cooper
2017122501,00-0031544,0.0,0.0,0.0,0.0,3.0,2.0,69.0,47.0,0.0,1.0,1.0,28.0,22.0,0.0,0.0,0.0,0.0,0.0,0.0,0.0,0.0,0.0,2017,OAK,WR,A.Cooper
2017123113,00-0031544,0.0,0.0,0.0,0.0,6.0,3.0,115.0,52.0,0.0,1.0,1.0,100.0,63.0,0.0,0.0,0.0,0.0,0.0,0.0,0.0,0.0,0.0,2017,OAK,WR,A.Cooper
2017091009,00-0023500,10.0,42.0,0.0,0.0,1.0,1.0,10.0,14.0,0.0,0.0,0.0,-4.0,-4.0,0.0,0.0,0.0,0.0,0.0,0.0,0.0,0.0,0.0,2017,IND,RB,F.Gore
2017091702,00-0023500,14.0,46.0,0.0,1.0,2.0,0.0,0.0,0.0,0.0,0.0,0.0,1.0,0.0,0.0,0.0,0.0,0.0,0.0,0.0,0.0,0.0,0.0,2017,IND,RB,F.Gore
2017092405,00-0023500,25.0,57.0,0.0,1.0,1.0,1.0,0.0,5.0,0.0,0.0,0.0,-5.0,-5.0,0.0,0.0,0.0,0.0,0.0,0.0,0.0,0.0,0.0,2017,IND,RB,F.Gore
2017100113,00-0023500,12.0,46.0,0.0,0.0,3.0,3.0,34.0,43.0,0.0,0.0,0.0,-9.0,-9.0,0.0,0.0,0.0,0.0,0.0,0.0,0.0,0.0,0.0,2017,IND,RB,F.Gore
2017100803,00-0023500,14.0,49.0,2.0,0.0,4.0,3.0,38.0,40.0,0.0,0.0,0.0,0.0,-2.0,0.0,0.0,0.0,0.0,0.0,0.0,0.0,0.0,0.0,2017,IND,RB,F.Gore
2017101600,00-0023500,10.0,49.0,0.0,0.0,3.0,2.0,18.0,12.0,0.0,0.0,0.0,6.0,6.0,0.0,0.0,0.0,0.0,0.0,0.0,0.0,0.0,0.0,2017,IND,RB,F.Gore
2017102204,00-0023500,9.0,34.0,0.0,0.0,0.0,0.0,0.0,0.0,0.0,0.0,0.0,0.0,0.0,0.0,0.0,0.0,0.0,0.0,0.0,0.0,0.0,0.0,2017,IND,RB,F.Gore
2017102902,00-0023500,16.0,82.0,0.0,0.0,4.0,4.0,19.0,23.0,0.0,0.0,0.0,-4.0,-4.0,0.0,0.0,0.0,0.0,0.0,0.0,0.0,0.0,0.0,2017,IND,RB,F.Gore
2017110501,00-0023500,17.0,51.0,0.0,0.0,4.0,3.0,26.0,27.0,0.0,0.0,0.0,0.0,-1.0,0.0,0.0,0.0,0.0,0.0,0.0,0.0,0.0,0.0,2017,IND,RB,F.Gore
2017111203,00-0023500,17.0,54.0,0.0,0.0,1.0,1.0,7.0,5.0,0.0,0.0,0.0,2.0,2.0,0.0,0.0,0.0,0.0,0.0,0.0,0.0,0.0,0.0,2017,IND,RB,F.Gore
2017112602,00-0023500,17.0,62.0,0.0,1.0,5.0,2.0,17.0,23.0,0.0,0.0,0.0,-8.0,-6.0,0.0,0.0,0.0,0.0,0.0,0.0,0.0,0.0,0.0,2017,IND,RB,F.Gore
2017120305,00-0023500,13.0,60.0,1.0,0.0,0.0,0.0,0.0,0.0,0.0,0.0,0.0,0.0,0.0,0.0,0.0,0.0,0.0,0.0,0.0,0.0,0.0,0.0,2017,IND,RB,F.Gore
2017121000,00-0023500,36.0,130.0,0.0,0.0,1.0,1.0,10.0,7.0,0.0,0.0,0.0,3.0,3.0,0.0,0.0,0.0,0.0,0.0,0.0,0.0,0.0,0.0,2017,IND,RB,F.Gore
2017121400,00-0023500,10.0,31.0,0.0,0.0,4.0,3.0,37.0,39.0,0.0,0.0,0.0,0.0,-2.0,0.0,0.0,0.0,0.0,0.0,0.0,0.0,0.0,0.0,2017,IND,RB,F.Gore
2017122300,00-0023500,17.0,68.0,0.0,0.0,2.0,2.0,18.0,27.0,0.0,1.0,1.0,-9.0,-9.0,0.0,0.0,0.0,0.0,0.0,0.0,0.0,0.0,0.0,2017,IND,RB,F.Gore
2017123103,00-0023500,24.0,100.0,0.0,0.0,3.0,3.0,11.0,10.0,0.0,0.0,0.0,1.0,1.0,0.0,0.0,0.0,0.0,0.0,0.0,0.0,0.0,0.0,2017,IND,RB,F.Gore
2017091009,00-0031325,0.0,0.0,0.0,0.0,5.0,5.0,58.0,27.0,0.0,0.0,0.0,31.0,31.0,0.0,0.0,0.0,0.0,0.0,0.0,0.0,0.0,0.0,2017,LA,WR,S.Watkins
2017091711,00-0031325,0.0,0.0,0.0,0.0,2.0,2.0,30.0,22.0,0.0,0.0,0.0,8.0,8.0,0.0,0.0,0.0,0.0,0.0,0.0,0.0,0.0,0.0,2017,LA,WR,S.Watkins
2017092100,00-0031325,0.0,0.0,0.0,0.0,7.0,6.0,106.0,26.0,0.0,2.0,1.0,89.0,80.0,0.0,0.0,0.0,0.0,0.0,0.0,0.0,0.0,0.0,2017,LA,WR,S.Watkins
2017100104,00-0031325,0.0,0.0,0.0,0.0,2.0,1.0,17.0,0.0,0.0,0.0,0.0,17.0,17.0,0.0,0.0,0.0,0.0,0.0,0.0,0.0,0.0,0.0,2017,LA,WR,S.Watkins
2017100808,00-0031325,0.0,0.0,0.0,0.0,4.0,0.0,0.0,0.0,0.0,0.0,0.0,121.0,0.0,0.0,0.0,0.0,0.0,0.0,0.0,0.0,0.0,0.0,2017,LA,WR,S.Watkins
2017101508,00-0031325,0.0,0.0,0.0,0.0,4.0,1.0,11.0,1.0,0.0,0.0,0.0,96.0,10.0,0.0,0.0,0.0,0.0,0.0,0.0,0.0,0.0,0.0,2017,LA,WR,S.Watkins
2017102205,00-0031325,0.0,0.0,0.0,0.0,5.0,3.0,42.0,6.0,0.0,0.0,0.0,79.0,36.0,0.0,0.0,0.0,0.0,0.0,0.0,0.0,0.0,0.0,2017,LA,WR,S.Watkins
2017110504,00-0031325,0.0,0.0,0.0,0.0,2.0,1.0,67.0,13.0,0.0,1.0,1.0,78.0,54.0,0.0,0.0,0.0,0.0,0.0,0.0,0.0,0.0,0.0,2017,LA,WR,S.Watkins
2017111208,00-0031325,0.0,0.0,0.0,0.0,3.0,2.0,41.0,23.0,0.0,1.0,1.0,35.0,18.0,0.0,0.0,0.0,0.0,0.0,0.0,0.0,0.0,0.0,2017,LA,WR,S.Watkins
2017111904,00-0031325,0.0,0.0,0.0,0.0,4.0,3.0,36.0,11.0,0.0,0.0,0.0,64.0,25.0,0.0,0.0,0.0,0.0,0.0,0.0,0.0,0.0,0.0,2017,LA,WR,S.Watkins
2017112607,00-0031325,0.0,0.0,0.0,0.0,9.0,4.0,82.0,27.0,0.0,1.0,0.0,143.0,55.0,0.0,0.0,0.0,0.0,0.0,0.0,0.0,0.0,0.0,2017,LA,WR,S.Watkins
2017120311,00-0031325,0.0,0.0,0.0,0.0,4.0,3.0,38.0,7.0,0.0,1.0,1.0,66.0,31.0,0.0,0.0,0.0,0.0,0.0,0.0,0.0,0.0,0.0,2017,LA,WR,S.Watkins
2017121011,00-0031325,0.0,0.0,0.0,0.0,7.0,3.0,21.0,16.0,0.0,1.0,0.0,89.0,5.0,0.0,0.0,0.0,0.0,0.0,0.0,0.0,0.0,0.0,2017,LA,WR,S.Watkins
2017121708,00-0031325,0.0,0.0,0.0,0.0,5.0,2.0,14.0,0.0,0.0,0.0,0.0,38.0,14.0,0.0,0.0,0.0,0.0,0.0,0.0,0.0,0.0,0.0,2017,LA,WR,S.Watkins
2017122407,00-0031325,0.0,0.0,0.0,0.0,7.0,3.0,30.0,6.0,0.0,1.0,0.0,55.0,24.0,0.0,0.0,0.0,0.0,0.0,0.0,0.0,0.0,0.0,2017,LA,WR,S.Watkins
2017091009,00-0032241,18.0,46.0,1.0,1.0,6.0,5.0,56.0,55.0,0.0,0.0,0.0,4.0,1.0,0.0,0.0,0.0,0.0,0.0,0.0,0.0,0.0,0.0,2017,LA,RB,T.Gurley
2017091711,00-0032241,16.0,85.0,2.0,1.0,4.0,3.0,48.0,34.0,0.0,1.0,1.0,14.0,14.0,0.0,0.0,0.0,0.0,0.0,0.0,0.0,0.0,0.0,2017,LA,RB,T.Gurley
2017092100,00-0032241,28.0,113.0,1.0,2.0,7.0,5.0,36.0,31.0,0.0,1.0,1.0,5.0,5.0,0.0,0.0,0.0,0.0,0.0,0.0,0.0,0.0,0.0,2017,LA,RB,T.Gurley
2017100104,00-0032241,23.0,121.0,0.0,0.0,8.0,7.0,94.0,72.0,0.0,1.0,1.0,22.0,22.0,0.0,0.0,0.0,0.0,0.0,0.0,0.0,0.0,0.0,2017,LA,RB,T.Gurley
2017100808,00-0032241,14.0,44.0,1.0,1.0,4.0,2.0,7.0,4.0,0.0,0.0,0.0,21.0,3.0,0.0,0.0,0.0,0.0,0.0,0.0,0.0,0.0,0.0,2017,LA,RB,T.Gurley
2017101508,00-0032241,23.0,116.0,0.0,0.0,1.0,1.0,4.0,7.0,0.0,0.0,0.0,-3.0,-3.0,0.0,0.0,0.0,0.0,0.0,0.0,0.0,0.0,0.0,2017,LA,RB,T.Gurley
2017102205,00-0032241,22.0,106.0,0.0,1.0,8.0,4.0,48.0,41.0,0.0,0.0,0.0,29.0,7.0,0.0,0.0,0.0,0.0,0.0,0.0,0.0,0.0,0.0,2017,LA,RB,T.Gurley
2017110504,00-0032241,16.0,59.0,0.0,2.0,3.0,2.0,52.0,47.0,0.0,0.0,0.0,-3.0,-2.0,0.0,0.0,0.0,0.0,0.0,0.0,0.0,0.0,0.0,2017,LA,RB,T.Gurley
2017111208,00-0032241,11.0,68.0,0.0,0.0,7.0,6.0,68.0,52.0,0.0,0.0,0.0,20.0,16.0,0.0,0.0,0.0,0.0,0.0,0.0,0.0,0.0,0.0,2017,LA,RB,T.Gurley
2017111904,00-0032241,15.0,37.0,0.0,1.0,4.0,3.0,19.0,23.0,0.0,0.0,0.0,3.0,-4.0,0.0,0.0,0.0,0.0,0.0,0.0,0.0,0.0,0.0,2017,LA,RB,T.Gurley
2017112607,00-0032241,17.0,92.0,0.0,0.0,7.0,4.0,54.0,56.0,0.0,0.0,0.0,-4.0,-2.0,0.0,0.0,0.0,0.0,0.0,0.0,0.0,0.0,0.0,2017,LA,RB,T.Gurley
2017120311,00-0032241,19.0,74.0,0.0,0.0,7.0,6.0,84.0,92.0,0.0,0.0,0.0,-11.0,-8.0,0.0,0.0,0.0,0.0,0.0,0.0,0.0,0.0,0.0,2017,LA,RB,T.Gurley
2017121011,00-0032241,13.0,97.0,0.0,3.0,5.0,3.0,39.0,44.0,0.0,0.0,0.0,-7.0,-5.0,0.0,0.0,0.0,0.0,0.0,0.0,0.0,0.0,0.0,2017,LA,RB,T.Gurley
2017121708,00-0032241,21.0,152.0,0.0,3.0,3.0,3.0,28.0,30.0,0.0,1.0,1.0,-2.0,-2.0,0.0,0.0,0.0,0.0,0.0,0.0,0.0,0.0,0.0,2017,LA,RB,T.Gurley
2017122407,00-0032241,22.0,118.0,0.0,0.0,13.0,10.0,158.0,161.0,0.0,2.0,2.0,10.0,-3.0,0.0,0.0,0.0,0.0,0.0,0.0,0.0,0.0,0.0,2017,LA,RB,T.Gurley
2017091009,00-0033895,0.0,0.0,0.0,0.0,1.0,1.0,39.0,9.0,0.0,0.0,0.0,30.0,30.0,0.0,0.0,0.0,0.0,0.0,0.0,0.0,0.0,0.0,2017,LA,TE,G.Everett
2017091711,00-0033895,0.0,0.0,0.0,0.0,3.0,3.0,95.0,59.0,0.0,0.0,0.0,36.0,36.0,0.0,0.0,0.0,0.0,0.0,0.0,0.0,0.0,0.0,2017,LA,TE,G.Everett
2017100104,00-0033895,0.0,0.0,0.0,0.0,3.0,1.0,8.0,4.0,0.0,0.0,0.0,33.0,4.0,0.0,0.0,0.0,0.0,0.0,0.0,0.0,0.0,0.0,2017,LA,TE,G.Everett
2017100808,00-0033895,0.0,0.0,0.0,0.0,3.0,1.0,8.0,0.0,0.0,0.0,0.0,28.0,8.0,0.0,0.0,0.0,0.0,0.0,0.0,0.0,0.0,0.0,2017,LA,TE,G.Everett
2017101508,00-0033895,0.0,0.0,0.0,0.0,3.0,1.0,4.0,5.0,0.0,1.0,1.0,1.0,-1.0,0.0,0.0,0.0,0.0,0.0,0.0,0.0,0.0,0.0,2017,LA,TE,G.Everett
2017110504,00-0033895,1.0,13.0,0.0,0.0,2.0,1.0,44.0,10.0,0.0,0.0,0.0,36.0,34.0,0.0,0.0,0.0,0.0,0.0,0.0,0.0,0.0,0.0,2017,LA,TE,G.Everett
2017111208,00-0033895,0.0,0.0,0.0,0.0,2.0,0.0,0.0,0.0,0.0,0.0,0.0,15.0,0.0,0.0,0.0,0.0,0.0,0.0,0.0,0.0,0.0,0.0,2017,LA,TE,G.Everett
2017111904,00-0033895,0.0,0.0,0.0,0.0,2.0,1.0,8.0,4.0,0.0,0.0,0.0,8.0,4.0,0.0,0.0,0.0,0.0,0.0,0.0,0.0,0.0,0.0,2017,LA,TE,G.Everett
2017112607,00-0033895,0.0,0.0,0.0,0.0,1.0,1.0,9.0,10.0,0.0,0.0,0.0,-1.0,-1.0,0.0,0.0,0.0,0.0,0.0,0.0,0.0,0.0,0.0,2017,LA,TE,G.Everett
2017120311,00-0033895,0.0,0.0,0.0,0.0,4.0,2.0,7.0,1.0,0.0,1.0,0.0,32.0,6.0,0.0,0.0,0.0,0.0,0.0,0.0,0.0,0.0,0.0,2017,LA,TE,G.Everett
2017121011,00-0033895,0.0,0.0,0.0,0.0,1.0,1.0,6.0,2.0,0.0,0.0,0.0,4.0,4.0,0.0,0.0,0.0,0.0,0.0,0.0,0.0,0.0,0.0,2017,LA,TE,G.Everett
2017121708,00-0033895,0.0,0.0,0.0,0.0,1.0,0.0,0.0,0.0,0.0,0.0,0.0,11.0,0.0,0.0,0.0,0.0,0.0,0.0,0.0,0.0,0.0,0.0,2017,LA,TE,G.Everett
2017123114,00-0033895,0.0,0.0,0.0,0.0,6.0,3.0,16.0,4.0,1.0,0.0,0.0,52.0,12.0,0.0,0.0,0.0,0.0,0.0,0.0,0.0,0.0,0.0,2017,LA,TE,G.Everett
2017091010,00-0028002,0.0,0.0,0.0,0.0,13.0,9.0,85.0,66.0,0.0,0.0,0.0,43.0,19.0,0.0,0.0,0.0,0.0,0.0,0.0,0.0,0.0,0.0,2017,GB,WR,R.Cobb
2017091713,00-0028002,1.0,10.0,0.0,0.0,9.0,6.0,60.0,35.0,0.0,0.0,0.0,59.0,25.0,0.0,0.0,0.0,0.0,0.0,0.0,0.0,0.0,0.0,2017,GB,WR,R.Cobb
2017092800,00-0028002,0.0,0.0,0.0,0.0,4.0,4.0,44.0,11.0,0.0,1.0,0.0,33.0,33.0,0.0,0.0,0.0,0.0,0.0,0.0,0.0,0.0,0.0,2017,GB,WR,R.Cobb
2017100810,00-0028002,0.0,0.0,0.0,0.0,5.0,4.0,29.0,20.0,0.0,0.0,0.0,11.0,9.0,0.0,0.0,0.0,0.0,0.0,0.0,0.0,0.0,0.0,2017,GB,WR,R.Cobb
2017101503,00-0028002,0.0,0.0,0.0,0.0,3.0,3.0,28.0,12.0,0.0,0.0,0.0,16.0,16.0,0.0,0.0,0.0,0.0,0.0,0.0,0.0,0.0,0.0,2017,GB,WR,R.Cobb
2017102203,00-0028002,0.0,0.0,0.0,0.0,4.0,2.0,15.0,21.0,1.0,0.0,0.0,58.0,-6.0,0.0,0.0,0.0,0.0,0.0,0.0,0.0,0.0,0.0,2017,GB,WR,R.Cobb
2017110600,00-0028002,1.0,1.0,0.0,0.0,5.0,5.0,58.0,40.0,0.0,0.0,0.0,18.0,18.0,0.0,0.0,0.0,0.0,0.0,0.0,0.0,0.0,0.0,2017,GB,WR,R.Cobb
2017111201,00-0028002,4.0,8.0,0.0,0.0,4.0,3.0,52.0,39.0,0.0,0.0,0.0,15.0,13.0,0.0,0.0,0.0,0.0,0.0,0.0,0.0,0.0,0.0,2017,GB,WR,R.Cobb
2017111902,00-0028002,1.0,0.0,0.0,0.0,6.0,3.0,34.0,9.0,0.0,0.0,0.0,46.0,25.0,0.0,0.0,0.0,0.0,0.0,0.0,0.0,0.0,0.0,2017,GB,WR,R.Cobb
2017112611,00-0028002,0.0,0.0,0.0,0.0,4.0,4.0,58.0,37.0,0.0,1.0,1.0,21.0,21.0,0.0,0.0,0.0,0.0,0.0,0.0,0.0,0.0,0.0,2017,GB,WR,R.Cobb
2017121003,00-0028002,0.0,0.0,0.0,0.0,8.0,8.0,39.0,39.0,0.0,0.0,0.0,0.0,0.0,0.0,0.0,0.0,0.0,0.0,0.0,0.0,0.0,0.0,2017,GB,WR,R.Cobb
2017121701,00-0028002,0.0,0.0,0.0,0.0,14.0,7.0,84.0,44.0,0.0,1.0,1.0,108.0,40.0,0.0,0.0,0.0,0.0,0.0,0.0,0.0,0.0,0.0,2017,GB,WR,R.Cobb
2017122301,00-0028002,1.0,-6.0,0.0,0.0,7.0,4.0,22.0,13.0,0.0,0.0,0.0,92.0,9.0,0.0,0.0,0.0,0.0,0.0,0.0,0.0,0.0,0.0,2017,GB,WR,R.Cobb
2017123102,00-0028002,1.0,4.0,0.0,0.0,6.0,4.0,45.0,26.0,0.0,1.0,1.0,35.0,19.0,1.0,1.0,10.0,-5.0,-5.0,0.0,0.0,0.0,0.0,2017,GB,WR,R.Cobb
2017091010,00-0028434,1.0,-3.0,0.0,0.0,4.0,4.0,63.0,10.0,0.0,0.0,0.0,53.0,53.0,0.0,0.0,0.0,0.0,0.0,0.0,0.0,0.0,0.0,2017,SEA,WR,D.Baldwin
2017091712,00-0028434,0.0,0.0,0.0,0.0,9.0,6.0,44.0,15.0,0.0,0.0,0.0,61.0,29.0,0.0,0.0,0.0,0.0,0.0,0.0,0.0,0.0,0.0,2017,SEA,WR,D.Baldwin
2017092410,00-0028434,0.0,0.0,0.0,0.0,15.0,10.0,105.0,42.0,0.0,1.0,0.0,123.0,63.0,0.0,0.0,0.0,0.0,0.0,0.0,0.0,0.0,0.0,2017,SEA,WR,D.Baldwin
2017100113,00-0028434,0.0,0.0,0.0,0.0,3.0,3.0,35.0,9.0,0.0,0.0,0.0,26.0,26.0,0.0,0.0,0.0,0.0,0.0,0.0,0.0,0.0,0.0,2017,SEA,WR,D.Baldwin
2017100808,00-0028434,0.0,0.0,0.0,0.0,8.0,4.0,37.0,12.0,0.0,0.0,0.0,76.0,25.0,0.0,0.0,0.0,0.0,0.0,0.0,0.0,0.0,0.0,2017,SEA,WR,D.Baldwin
2017102211,00-0028434,0.0,0.0,0.0,0.0,12.0,9.0,92.0,19.0,0.0,1.0,1.0,187.0,73.0,0.0,0.0,0.0,0.0,0.0,0.0,0.0,0.0,0.0,2017,SEA,WR,D.Baldwin
2017102908,00-0028434,0.0,0.0,0.0,0.0,10.0,6.0,54.0,9.0,0.0,0.0,0.0,110.0,45.0,0.0,0.0,0.0,0.0,0.0,0.0,0.0,0.0,0.0,2017,SEA,WR,D.Baldwin
2017110508,00-0028434,0.0,0.0,0.0,0.0,12.0,7.0,108.0,25.0,0.0,1.0,1.0,186.0,83.0,0.0,0.0,0.0,0.0,0.0,0.0,0.0,0.0,0.0,2017,SEA,WR,D.Baldwin
2017110900,00-0028434,0.0,0.0,0.0,0.0,6.0,5.0,95.0,62.0,0.0,0.0,0.0,35.0,33.0,0.0,0.0,0.0,0.0,0.0,0.0,0.0,0.0,0.0,2017,SEA,WR,D.Baldwin
2017112000,00-0028434,0.0,0.0,0.0,0.0,6.0,2.0,40.0,0.0,0.0,1.0,0.0,77.0,40.0,0.0,0.0,0.0,0.0,0.0,0.0,0.0,0.0,0.0,2017,SEA,WR,D.Baldwin
2017112608,00-0028434,1.0,-5.0,0.0,0.0,3.0,2.0,25.0,8.0,0.0,0.0,0.0,27.0,17.0,0.0,0.0,0.0,0.0,0.0,0.0,0.0,0.0,0.0,2017,SEA,WR,D.Baldwin
2017120313,00-0028434,0.0,0.0,0.0,0.0,7.0,5.0,85.0,26.0,0.0,1.0,1.0,88.0,58.0,0.0,0.0,0.0,0.0,0.0,0.0,0.0,0.0,0.0,2017,SEA,WR,D.Baldwin
2017121005,00-0028434,0.0,0.0,0.0,0.0,6.0,3.0,78.0,3.0,0.0,1.0,0.0,199.0,75.0,0.0,0.0,0.0,0.0,0.0,0.0,0.0,0.0,0.0,2017,SEA,WR,D.Baldwin
2017121708,00-0028434,0.0,0.0,0.0,0.0,4.0,1.0,6.0,0.0,0.0,0.0,0.0,66.0,6.0,0.0,0.0,0.0,0.0,0.0,0.0,0.0,0.0,0.0,2017,SEA,WR,D.Baldwin
2017122411,00-0028434,0.0,0.0,0.0,0.0,6.0,4.0,35.0,9.0,0.0,1.0,0.0,90.0,26.0,0.0,0.0,0.0,0.0,0.0,0.0,0.0,0.0,0.0,2017,SEA,WR,D.Baldwin
2017123115,00-0028434,0.0,0.0,0.0,0.0,5.0,4.0,90.0,25.0,0.0,2.0,0.0,72.0,65.0,0.0,0.0,0.0,0.0,0.0,0.0,0.0,0.0,0.0,2017,SEA,WR,D.Baldwin
2017091010,00-0029263,2.0,40.0,0.0,0.0,0.0,0.0,0.0,0.0,0.0,0.0,0.0,0.0,0.0,27.0,14.0,158.0,278.0,115.0,3.0,0.0,0.0,0.0,2017,SEA,QB,R.Wilson
2017091712,00-0029263,8.0,40.0,1.0,0.0,0.0,0.0,0.0,0.0,0.0,0.0,0.0,0.0,0.0,39.0,23.0,198.0,280.0,87.0,7.0,0.0,1.0,0.0,2017,SEA,QB,R.Wilson
2017092410,00-0029263,7.0,29.0,2.0,0.0,0.0,0.0,0.0,0.0,0.0,0.0,0.0,0.0,0.0,49.0,29.0,373.0,444.0,236.0,9.0,0.0,4.0,2.0,2017,SEA,QB,R.Wilson
2017100113,00-0029263,4.0,37.0,0.0,1.0,0.0,0.0,0.0,0.0,0.0,0.0,0.0,0.0,0.0,28.0,22.0,308.0,322.0,234.0,4.0,2.0,2.0,1.0,2017,SEA,QB,R.Wilson
2017100808,00-0029263,4.0,17.0,0.0,0.0,0.0,0.0,0.0,0.0,0.0,0.0,0.0,0.0,0.0,36.0,24.0,198.0,266.0,102.0,8.0,1.0,1.0,1.0,2017,SEA,QB,R.Wilson
2017102211,00-0029263,2.0,10.0,0.0,0.0,0.0,0.0,0.0,0.0,0.0,0.0,0.0,0.0,0.0,39.0,27.0,334.0,399.0,199.0,6.0,0.0,3.0,2.0,2017,SEA,QB,R.Wilson
2017102908,00-0029263,2.0,32.0,0.0,0.0,0.0,0.0,0.0,0.0,0.0,0.0,0.0,0.0,0.0,42.0,26.0,442.0,581.0,352.0,5.0,1.0,4.0,3.0,2017,SEA,QB,R.Wilson
2017110508,00-0029263,10.0,79.0,1.0,0.0,0.0,0.0,0.0,0.0,0.0,0.0,0.0,0.0,0.0,43.0,23.0,291.0,549.0,170.0,7.0,2.0,2.0,0.0,2017,SEA,QB,R.Wilson
2017110900,00-0029263,4.0,20.0,0.0,0.0,0.0,0.0,0.0,0.0,0.0,0.0,0.0,0.0,0.0,31.0,22.0,238.0,261.0,130.0,2.0,0.0,2.0,2.0,2017,SEA,QB,R.Wilson
2017112000,00-0029263,7.0,86.0,0.0,1.0,0.0,0.0,0.0,0.0,0.0,0.0,0.0,0.0,0.0,41.0,26.0,258.0,264.0,101.0,5.0,1.0,2.0,2.0,2017,SEA,QB,R.Wilson
2017112608,00-0029263,6.0,26.0,0.0,1.0,0.0,0.0,0.0,0.0,0.0,0.0,0.0,0.0,0.0,34.0,20.0,228.0,331.0,127.0,6.0,1.0,2.0,2.0,2017,SEA,QB,R.Wilson
2017120313,00-0029263,5.0,32.0,0.0,0.0,0.0,0.0,0.0,0.0,0.0,0.0,0.0,0.0,0.0,31.0,20.0,228.0,209.0,108.0,5.0,0.0,4.0,3.0,2017,SEA,QB,R.Wilson
2017121005,00-0029263,5.0,50.0,0.0,0.0,0.0,0.0,0.0,0.0,0.0,0.0,0.0,0.0,0.0,31.0,17.0,274.0,458.0,181.0,4.0,3.0,3.0,1.0,2017,SEA,QB,R.Wilson
2017121708,00-0029263,4.0,38.0,0.0,0.0,0.0,0.0,0.0,0.0,0.0,0.0,0.0,0.0,0.0,30.0,14.0,180.0,365.0,74.0,2.0,0.0,1.0,0.0,2017,SEA,QB,R.Wilson
2017122411,00-0029263,6.0,33.0,1.0,0.0,0.0,0.0,0.0,0.0,0.0,0.0,0.0,0.0,0.0,21.0,14.0,93.0,183.0,42.0,2.0,0.0,2.0,2.0,2017,SEA,QB,R.Wilson
2017123115,00-0029263,5.0,34.0,1.0,0.0,0.0,0.0,0.0,0.0,0.0,0.0,0.0,0.0,0.0,29.0,18.0,221.0,197.0,110.0,4.0,0.0,2.0,2.0,2017,SEA,QB,R.Wilson
2017091010,00-0031381,0.0,0.0,0.0,0.0,7.0,3.0,47.0,16.0,0.0,0.0,0.0,127.0,31.0,0.0,0.0,0.0,0.0,0.0,0.0,0.0,0.0,0.0,2017,GB,WR,D.Adams
2017091713,00-0031381,0.0,0.0,0.0,0.0,10.0,8.0,99.0,47.0,0.0,1.0,0.0,76.0,52.0,0.0,0.0,0.0,0.0,0.0,0.0,0.0,0.0,0.0,2017,GB,WR,D.Adams
2017092411,00-0031381,0.0,0.0,0.0,0.0,6.0,3.0,60.0,26.0,1.0,0.0,0.0,47.0,34.0,0.0,0.0,0.0,0.0,0.0,0.0,0.0,0.0,0.0,2017,GB,WR,D.Adams
2017092800,00-0031381,0.0,0.0,0.0,0.0,5.0,2.0,13.0,6.0,0.0,1.0,1.0,56.0,7.0,0.0,0.0,0.0,0.0,0.0,0.0,0.0,0.0,0.0,2017,GB,WR,D.Adams
2017100810,00-0031381,0.0,0.0,0.0,0.0,11.0,7.0,66.0,19.0,0.0,2.0,0.0,69.0,47.0,0.0,0.0,0.0,0.0,0.0,0.0,0.0,0.0,0.0,2017,GB,WR,D.Adams
2017101503,00-0031381,0.0,0.0,0.0,0.0,10.0,5.0,54.0,7.0,0.0,1.0,1.0,104.0,47.0,0.0,0.0,0.0,0.0,0.0,0.0,0.0,0.0,0.0,2017,GB,WR,D.Adams
2017102203,00-0031381,0.0,0.0,0.0,0.0,5.0,2.0,12.0,3.0,0.0,0.0,0.0,39.0,9.0,0.0,0.0,0.0,0.0,0.0,0.0,0.0,0.0,0.0,2017,GB,WR,D.Adams
2017110600,00-0031381,0.0,0.0,0.0,0.0,10.0,7.0,53.0,18.0,0.0,0.0,0.0,115.0,35.0,0.0,0.0,0.0,0.0,0.0,0.0,0.0,0.0,0.0,2017,GB,WR,D.Adams
2017111201,00-0031381,0.0,0.0,0.0,0.0,8.0,5.0,90.0,18.0,0.0,1.0,0.0,86.0,72.0,0.0,0.0,0.0,0.0,0.0,0.0,0.0,0.0,0.0,2017,GB,WR,D.Adams
2017111902,00-0031381,0.0,0.0,0.0,0.0,10.0,8.0,126.0,22.0,0.0,0.0,0.0,128.0,104.0,0.0,0.0,0.0,0.0,0.0,0.0,0.0,0.0,0.0,2017,GB,WR,D.Adams
2017112611,00-0031381,0.0,0.0,0.0,0.0,9.0,5.0,82.0,32.0,0.0,1.0,1.0,83.0,50.0,0.0,0.0,0.0,0.0,0.0,0.0,0.0,0.0,0.0,2017,GB,WR,D.Adams
2017120304,00-0031381,0.0,0.0,0.0,0.0,6.0,4.0,42.0,31.0,0.0,0.0,0.0,47.0,11.0,0.0,0.0,0.0,0.0,0.0,0.0,0.0,0.0,0.0,2017,GB,WR,D.Adams
2017121003,00-0031381,0.0,0.0,0.0,0.0,14.0,10.0,84.0,68.0,0.0,2.0,1.0,100.0,16.0,0.0,0.0,0.0,0.0,0.0,0.0,0.0,0.0,0.0,2017,GB,WR,D.Adams
2017121701,00-0031381,0.0,0.0,0.0,0.0,7.0,5.0,57.0,25.0,0.0,1.0,0.0,76.0,32.0,0.0,0.0,0.0,0.0,0.0,0.0,0.0,0.0,0.0,2017,GB,WR,D.Adams
2017091011,00-0028116,0.0,0.0,0.0,0.0,2.0,1.0,7.0,3.0,0.0,0.0,0.0,8.0,4.0,0.0,0.0,0.0,0.0,0.0,0.0,0.0,0.0,0.0,2017,SF,WR,A.Robinson
2017092100,00-0028116,0.0,0.0,0.0,0.0,4.0,2.0,23.0,3.0,0.0,0.0,0.0,29.0,20.0,0.0,0.0,0.0,0.0,0.0,0.0,0.0,0.0,0.0,2017,SF,WR,A.Robinson
2017100109,00-0028116,0.0,0.0,0.0,0.0,12.0,3.0,52.0,12.0,0.0,0.0,0.0,179.0,40.0,0.0,0.0,0.0,0.0,0.0,0.0,0.0,0.0,0.0,2017,SF,WR,A.Robinson
2017100803,00-0028116,0.0,0.0,0.0,0.0,1.0,1.0,5.0,0.0,0.0,0.0,0.0,5.0,5.0,0.0,0.0,0.0,0.0,0.0,0.0,0.0,0.0,0.0,2017,SF,WR,A.Robinson
2017101506,00-0028116,0.0,0.0,0.0,0.0,5.0,2.0,66.0,9.0,0.0,1.0,1.0,80.0,57.0,0.0,0.0,0.0,0.0,0.0,0.0,0.0,0.0,0.0,2017,SF,WR,A.Robinson
2017102209,00-0028116,0.0,0.0,0.0,0.0,1.0,1.0,15.0,7.0,0.0,0.0,0.0,8.0,8.0,0.0,0.0,0.0,0.0,0.0,0.0,0.0,0.0,0.0,2017,SF,WR,A.Robinson
2017102906,00-0028116,0.0,0.0,0.0,0.0,2.0,0.0,0.0,0.0,0.0,0.0,0.0,4.0,0.0,0.0,0.0,0.0,0.0,0.0,0.0,0.0,0.0,0.0,2017,SF,WR,A.Robinson
2017110507,00-0028116,0.0,0.0,0.0,0.0,8.0,2.0,18.0,5.0,0.0,0.0,0.0,51.0,13.0,0.0,0.0,0.0,0.0,0.0,0.0,0.0,0.0,0.0,2017,SF,WR,A.Robinson
2017111210,00-0028116,0.0,0.0,0.0,0.0,1.0,1.0,12.0,0.0,0.0,0.0,0.0,12.0,12.0,0.0,0.0,0.0,0.0,0.0,0.0,0.0,0.0,0.0,2017,SF,WR,A.Robinson
2017112608,00-0028116,0.0,0.0,0.0,0.0,3.0,1.0,8.0,0.0,0.0,0.0,0.0,52.0,8.0,0.0,0.0,0.0,0.0,0.0,0.0,0.0,0.0,0.0,2017,SF,WR,A.Robinson
2017121004,00-0028116,0.0,0.0,0.0,0.0,2.0,2.0,27.0,6.0,0.0,0.0,0.0,21.0,21.0,0.0,0.0,0.0,0.0,0.0,0.0,0.0,0.0,0.0,2017,SF,WR,A.Robinson
2017121710,00-0028116,0.0,0.0,0.0,0.0,2.0,1.0,3.0,0.0,0.0,0.0,0.0,13.0,3.0,0.0,0.0,0.0,0.0,0.0,0.0,0.0,0.0,0.0,2017,SF,WR,A.Robinson
2017122409,00-0028116,0.0,0.0,0.0,0.0,2.0,1.0,12.0,0.0,0.0,0.0,0.0,30.0,12.0,0.0,0.0,0.0,0.0,0.0,0.0,0.0,0.0,0.0,2017,SF,WR,A.Robinson
2017123114,00-0028116,0.0,0.0,0.0,0.0,3.0,1.0,12.0,0.0,0.0,1.0,0.0,32.0,12.0,0.0,0.0,0.0,0.0,0.0,0.0,0.0,0.0,0.0,2017,SF,WR,A.Robinson
2017091011,00-0029892,1.0,0.0,0.0,0.0,4.0,2.0,17.0,13.0,0.0,0.0,0.0,9.0,4.0,0.0,0.0,0.0,0.0,0.0,0.0,0.0,0.0,0.0,2017,SF,FB,K.Juszczyk
2017092100,00-0029892,0.0,0.0,0.0,0.0,1.0,1.0,34.0,17.0,0.0,0.0,0.0,17.0,17.0,0.0,0.0,0.0,0.0,0.0,0.0,0.0,0.0,0.0,2017,SF,FB,K.Juszczyk
2017100109,00-0029892,1.0,8.0,0.0,0.0,3.0,3.0,15.0,18.0,0.0,0.0,0.0,-3.0,-3.0,0.0,0.0,0.0,0.0,0.0,0.0,0.0,0.0,0.0,2017,SF,FB,K.Juszczyk
2017100803,00-0029892,1.0,3.0,0.0,0.0,4.0,2.0,14.0,15.0,0.0,1.0,1.0,7.0,-1.0,0.0,0.0,0.0,0.0,0.0,0.0,0.0,0.0,0.0,2017,SF,FB,K.Juszczyk
2017102906,00-0029892,1.0,12.0,0.0,0.0,0.0,0.0,0.0,0.0,0.0,0.0,0.0,0.0,0.0,0.0,0.0,0.0,0.0,0.0,0.0,0.0,0.0,0.0,2017,SF,FB,K.Juszczyk
2017110507,00-0029892,1.0,5.0,0.0,0.0,2.0,1.0,7.0,4.0,1.0,0.0,0.0,4.0,1.0,0.0,0.0,0.0,0.0,0.0,0.0,0.0,0.0,0.0,2017,SF,FB,K.Juszczyk
2017111210,00-0029892,1.0,0.0,0.0,0.0,6.0,5.0,27.0,25.0,1.0,0.0,0.0,22.0,2.0,0.0,0.0,0.0,0.0,0.0,0.0,0.0,0.0,0.0,2017,SF,FB,K.Juszczyk
2017112608,00-0029892,0.0,0.0,0.0,0.0,2.0,2.0,8.0,1.0,0.0,0.0,0.0,7.0,7.0,0.0,0.0,0.0,0.0,0.0,0.0,0.0,0.0,0.0,2017,SF,FB,K.Juszczyk
2017120303,00-0029892,1.0,3.0,0.0,0.0,3.0,3.0,20.0,11.0,0.0,0.0,0.0,9.0,9.0,0.0,0.0,0.0,0.0,0.0,0.0,0.0,0.0,0.0,2017,SF,FB,K.Juszczyk
2017121004,00-0029892,0.0,0.0,0.0,0.0,4.0,3.0,64.0,30.0,0.0,0.0,0.0,34.0,34.0,0.0,0.0,0.0,0.0,0.0,0.0,0.0,0.0,0.0,2017,SF,FB,K.Juszczyk
2017121710,00-0029892,0.0,0.0,0.0,0.0,4.0,2.0,16.0,8.0,0.0,0.0,0.0,22.0,8.0,0.0,0.0,0.0,0.0,0.0,0.0,0.0,0.0,0.0,2017,SF,FB,K.Juszczyk
2017122409,00-0029892,0.0,0.0,0.0,0.0,5.0,5.0,76.0,52.0,0.0,0.0,0.0,24.0,24.0,0.0,0.0,0.0,0.0,0.0,0.0,0.0,0.0,0.0,2017,SF,FB,K.Juszczyk
2017123114,00-0029892,0.0,0.0,0.0,0.0,4.0,4.0,19.0,13.0,0.0,0.0,0.0,6.0,6.0,0.0,0.0,0.0,0.0,0.0,0.0,0.0,0.0,0.0,2017,SF,FB,K.Juszczyk
2017091011,00-0030147,0.0,0.0,0.0,0.0,2.0,2.0,53.0,22.0,0.0,1.0,1.0,31.0,31.0,0.0,0.0,0.0,0.0,0.0,0.0,0.0,0.0,0.0,2017,CAR,WR,R.Shepard
2017091701,00-0030147,0.0,0.0,0.0,0.0,2.0,1.0,6.0,6.0,0.0,0.0,0.0,10.0,0.0,0.0,0.0,0.0,0.0,0.0,0.0,0.0,0.0,0.0,2017,CAR,WR,R.Shepard
2017092402,00-0030147,0.0,0.0,0.0,0.0,1.0,0.0,0.0,0.0,0.0,0.0,0.0,8.0,0.0,0.0,0.0,0.0,0.0,0.0,0.0,0.0,0.0,0.0,2017,CAR,WR,R.Shepard
2017100107,00-0030147,0.0,0.0,0.0,0.0,1.0,1.0,13.0,13.0,0.0,0.0,0.0,0.0,0.0,0.0,0.0,0.0,0.0,0.0,0.0,0.0,0.0,0.0,2017,CAR,WR,R.Shepard
2017100802,00-0030147,0.0,0.0,0.0,0.0,2.0,2.0,15.0,1.0,0.0,0.0,0.0,14.0,14.0,0.0,0.0,0.0,0.0,0.0,0.0,0.0,0.0,0.0,2017,CAR,WR,R.Shepard
2017101200,00-0030147,0.0,0.0,0.0,0.0,6.0,2.0,12.0,1.0,0.0,0.0,0.0,66.0,11.0,0.0,0.0,0.0,0.0,0.0,0.0,0.0,0.0,0.0,2017,CAR,WR,R.Shepard
2017102201,00-0030147,0.0,0.0,0.0,0.0,3.0,2.0,20.0,4.0,0.0,0.0,0.0,32.0,16.0,0.0,0.0,0.0,0.0,0.0,0.0,0.0,0.0,0.0,2017,CAR,WR,R.Shepard
2017102907,00-0030147,0.0,0.0,0.0,0.0,1.0,1.0,14.0,12.0,0.0,0.0,0.0,2.0,2.0,0.0,0.0,0.0,0.0,0.0,0.0,0.0,0.0,0.0,2017,CAR,WR,R.Shepard
2017110500,00-0030147,1.0,11.0,0.0,0.0,2.0,0.0,0.0,0.0,0.0,0.0,0.0,16.0,0.0,0.0,0.0,0.0,0.0,0.0,0.0,0.0,0.0,0.0,2017,CAR,WR,R.Shepard
2017111300,00-0030147,0.0,0.0,0.0,0.0,7.0,3.0,40.0,20.0,0.0,0.0,0.0,65.0,20.0,0.0,0.0,0.0,0.0,0.0,0.0,0.0,0.0,0.0,2017,CAR,WR,R.Shepard
2017120307,00-0030147,0.0,0.0,0.0,0.0,5.0,3.0,29.0,27.0,1.0,0.0,0.0,22.0,2.0,0.0,0.0,0.0,0.0,0.0,0.0,0.0,0.0,0.0,2017,CAR,WR,R.Shepard
2017121001,00-0030147,1.0,8.0,0.0,0.0,1.0,0.0,0.0,0.0,0.0,0.0,0.0,0.0,0.0,0.0,0.0,0.0,0.0,0.0,0.0,0.0,0.0,0.0,2017,CAR,WR,R.Shepard
2017091011,00-0031359,0.0,0.0,0.0,0.0,5.0,1.0,25.0,4.0,0.0,0.0,0.0,82.0,21.0,0.0,0.0,0.0,0.0,0.0,0.0,0.0,0.0,0.0,2017,BUF,WR,K.Benjamin
2017091701,00-0031359,0.0,0.0,0.0,0.0,8.0,6.0,77.0,17.0,0.0,0.0,0.0,82.0,60.0,0.0,0.0,0.0,0.0,0.0,0.0,0.0,0.0,0.0,2017,BUF,WR,K.Benjamin
2017092402,00-0031359,0.0,0.0,0.0,0.0,2.0,2.0,8.0,1.0,0.0,0.0,0.0,7.0,7.0,0.0,0.0,0.0,0.0,0.0,0.0,0.0,0.0,0.0,2017,BUF,WR,K.Benjamin
2017100107,00-0031359,0.0,0.0,0.0,0.0,4.0,4.0,104.0,48.0,0.0,0.0,0.0,56.0,56.0,0.0,0.0,0.0,0.0,0.0,0.0,0.0,0.0,0.0,2017,BUF,WR,K.Benjamin
2017100802,00-0031359,0.0,0.0,0.0,0.0,6.0,4.0,58.0,7.0,0.0,1.0,0.0,63.0,51.0,0.0,0.0,0.0,0.0,0.0,0.0,0.0,0.0,0.0,2017,BUF,WR,K.Benjamin
2017101200,00-0031359,0.0,0.0,0.0,0.0,13.0,9.0,99.0,15.0,0.0,0.0,0.0,134.0,84.0,0.0,0.0,0.0,0.0,0.0,0.0,0.0,0.0,0.0,2017,BUF,WR,K.Benjamin
2017102201,00-0031359,0.0,0.0,0.0,0.0,6.0,3.0,65.0,5.0,0.0,1.0,0.0,94.0,60.0,0.0,0.0,0.0,0.0,0.0,0.0,0.0,0.0,0.0,2017,BUF,WR,K.Benjamin
2017102907,00-0031359,0.0,0.0,0.0,0.0,7.0,3.0,39.0,4.0,0.0,1.0,0.0,86.0,35.0,0.0,0.0,0.0,0.0,0.0,0.0,0.0,0.0,0.0,2017,BUF,WR,K.Benjamin
2017111200,00-0031359,0.0,0.0,0.0,0.0,6.0,3.0,42.0,4.0,0.0,0.0,0.0,71.0,38.0,0.0,0.0,0.0,0.0,0.0,0.0,0.0,0.0,0.0,2017,BUF,WR,K.Benjamin
2017111907,00-0031359,0.0,0.0,0.0,0.0,1.0,1.0,20.0,6.0,0.0,0.0,0.0,14.0,14.0,0.0,0.0,0.0,0.0,0.0,0.0,0.0,0.0,0.0,2017,BUF,WR,K.Benjamin
2017121000,00-0031359,0.0,0.0,0.0,0.0,8.0,3.0,38.0,2.0,0.0,1.0,0.0,93.0,36.0,0.0,0.0,0.0,0.0,0.0,0.0,0.0,0.0,0.0,2017,BUF,WR,K.Benjamin
2017121700,00-0031359,0.0,0.0,0.0,0.0,2.0,2.0,20.0,3.0,0.0,0.0,0.0,17.0,17.0,0.0,0.0,0.0,0.0,0.0,0.0,0.0,0.0,0.0,2017,BUF,WR,K.Benjamin
2017122404,00-0031359,0.0,0.0,0.0,0.0,7.0,5.0,74.0,23.0,0.0,1.0,0.0,71.0,47.0,0.0,0.0,0.0,0.0,0.0,0.0,0.0,0.0,0.0,2017,BUF,WR,K.Benjamin
2017123104,00-0031359,0.0,0.0,0.0,0.0,3.0,2.0,27.0,0.0,0.0,0.0,0.0,33.0,27.0,0.0,0.0,0.0,0.0,0.0,0.0,0.0,0.0,0.0,2017,BUF,WR,K.Benjamin
2017091012,00-0022127,0.0,0.0,0.0,0.0,9.0,7.0,59.0,12.0,0.0,1.0,1.0,47.0,47.0,0.0,0.0,0.0,0.0,0.0,0.0,0.0,0.0,0.0,2017,DAL,TE,J.Witten
2017091710,00-0022127,0.0,0.0,0.0,0.0,13.0,10.0,97.0,13.0,0.0,1.0,1.0,111.0,84.0,0.0,0.0,0.0,0.0,0.0,0.0,0.0,0.0,0.0,2017,DAL,TE,J.Witten
2017092500,00-0022127,0.0,0.0,0.0,0.0,4.0,1.0,3.0,0.0,0.0,0.0,0.0,6.0,3.0,0.0,0.0,0.0,0.0,0.0,0.0,0.0,0.0,0.0,2017,DAL,TE,J.Witten
2017100104,00-0022127,0.0,0.0,0.0,0.0,2.0,1.0,9.0,0.0,0.0,0.0,0.0,9.0,9.0,0.0,0.0,0.0,0.0,0.0,0.0,0.0,0.0,0.0,2017,DAL,TE,J.Witten
2017100810,00-0022127,0.0,0.0,0.0,0.0,11.0,9.0,71.0,13.0,1.0,0.0,0.0,76.0,59.0,0.0,0.0,0.0,0.0,0.0,0.0,0.0,0.0,0.0,2017,DAL,TE,J.Witten
2017102209,00-0022127,0.0,0.0,0.0,0.0,4.0,4.0,54.0,11.0,0.0,1.0,0.0,43.0,43.0,0.0,0.0,0.0,0.0,0.0,0.0,0.0,0.0,0.0,2017,DAL,TE,J.Witten
2017102909,00-0022127,0.0,0.0,0.0,0.0,5.0,3.0,31.0,16.0,0.0,0.0,0.0,25.0,15.0,0.0,0.0,0.0,0.0,0.0,0.0,0.0,0.0,0.0,2017,DAL,TE,J.Witten
2017110509,00-0022127,0.0,0.0,0.0,0.0,1.0,1.0,5.0,1.0,0.0,0.0,0.0,4.0,4.0,0.0,0.0,0.0,0.0,0.0,0.0,0.0,0.0,0.0,2017,DAL,TE,J.Witten
2017111209,00-0022127,0.0,0.0,0.0,0.0,7.0,7.0,59.0,10.0,0.0,0.0,0.0,49.0,49.0,0.0,0.0,0.0,0.0,0.0,0.0,0.0,0.0,0.0,2017,DAL,TE,J.Witten
2017111910,00-0022127,0.0,0.0,0.0,0.0,1.0,1.0,7.0,1.0,0.0,0.0,0.0,6.0,6.0,0.0,0.0,0.0,0.0,0.0,0.0,0.0,0.0,0.0,2017,DAL,TE,J.Witten
2017112301,00-0022127,0.0,0.0,0.0,0.0,7.0,7.0,44.0,11.0,0.0,0.0,0.0,33.0,33.0,0.0,0.0,0.0,0.0,0.0,0.0,0.0,0.0,0.0,2017,DAL,TE,J.Witten
2017113000,00-0022127,0.0,0.0,0.0,0.0,5.0,1.0,8.0,0.0,0.0,1.0,0.0,21.0,8.0,0.0,0.0,0.0,0.0,0.0,0.0,0.0,0.0,0.0,2017,DAL,TE,J.Witten
2017121012,00-0022127,0.0,0.0,0.0,0.0,2.0,1.0,20.0,0.0,0.0,1.0,0.0,25.0,20.0,0.0,0.0,0.0,0.0,0.0,0.0,0.0,0.0,0.0,2017,DAL,TE,J.Witten
2017121711,00-0022127,0.0,0.0,0.0,0.0,5.0,4.0,48.0,11.0,0.0,0.0,0.0,61.0,36.0,0.0,0.0,0.0,0.0,0.0,0.0,0.0,0.0,0.0,2017,DAL,TE,J.Witten
2017122411,00-0022127,0.0,0.0,0.0,0.0,9.0,5.0,39.0,5.0,0.0,0.0,0.0,57.0,34.0,0.0,0.0,0.0,0.0,0.0,0.0,0.0,0.0,0.0,2017,DAL,TE,J.Witten
2017123108,00-0022127,0.0,0.0,0.0,0.0,3.0,2.0,17.0,1.0,0.0,0.0,0.0,26.0,16.0,0.0,0.0,0.0,0.0,0.0,0.0,0.0,0.0,0.0,2017,DAL,TE,J.Witten
2017091101,00-0027874,0.0,0.0,0.0,0.0,8.0,5.0,67.0,13.0,0.0,0.0,0.0,80.0,54.0,0.0,0.0,0.0,0.0,0.0,0.0,0.0,0.0,0.0,2017,DEN,WR,D.Thomas
2017091710,00-0027874,0.0,0.0,0.0,0.0,8.0,6.0,71.0,35.0,0.0,0.0,0.0,89.0,36.0,0.0,0.0,0.0,0.0,0.0,0.0,0.0,0.0,0.0,2017,DEN,WR,D.Thomas
2017092401,00-0027874,0.0,0.0,0.0,0.0,9.0,6.0,98.0,23.0,0.0,0.0,0.0,103.0,75.0,0.0,0.0,0.0,0.0,0.0,0.0,0.0,0.0,0.0,2017,DEN,WR,D.Thomas
2017100112,00-0027874,0.0,0.0,0.0,0.0,5.0,1.0,11.0,6.0,0.0,0.0,0.0,95.0,5.0,0.0,0.0,0.0,0.0,0.0,0.0,0.0,0.0,0.0,2017,DEN,WR,D.Thomas
2017101511,00-0027874,0.0,0.0,0.0,0.0,14.0,10.0,133.0,29.0,2.0,0.0,0.0,142.0,104.0,0.0,0.0,0.0,0.0,0.0,0.0,0.0,0.0,0.0,2017,DEN,WR,D.Thomas
2017102210,00-0027874,0.0,0.0,0.0,0.0,6.0,2.0,9.0,7.0,0.0,0.0,0.0,51.0,2.0,0.0,0.0,0.0,0.0,0.0,0.0,0.0,0.0,0.0,2017,DEN,WR,D.Thomas
2017103000,00-0027874,0.0,0.0,0.0,0.0,9.0,5.0,66.0,9.0,0.0,0.0,0.0,95.0,57.0,0.0,0.0,0.0,0.0,0.0,0.0,0.0,0.0,0.0,2017,DEN,WR,D.Thomas
2017110505,00-0027874,0.0,0.0,0.0,0.0,12.0,8.0,70.0,34.0,0.0,1.0,1.0,109.0,36.0,0.0,0.0,0.0,0.0,0.0,0.0,0.0,0.0,0.0,2017,DEN,WR,D.Thomas
2017111211,00-0027874,0.0,0.0,0.0,0.0,8.0,5.0,44.0,18.0,0.0,1.0,0.0,79.0,26.0,0.0,0.0,0.0,0.0,0.0,0.0,0.0,0.0,0.0,2017,DEN,WR,D.Thomas
2017111908,00-0027874,0.0,0.0,0.0,0.0,9.0,5.0,64.0,24.0,0.0,1.0,0.0,110.0,40.0,0.0,0.0,0.0,0.0,0.0,0.0,0.0,0.0,0.0,2017,DEN,WR,D.Thomas
2017112610,00-0027874,0.0,0.0,0.0,0.0,8.0,5.0,18.0,11.0,0.0,0.0,0.0,54.0,7.0,0.0,0.0,0.0,0.0,0.0,0.0,0.0,0.0,0.0,2017,DEN,WR,D.Thomas
2017120306,00-0027874,0.0,0.0,0.0,0.0,10.0,2.0,27.0,6.0,0.0,1.0,0.0,119.0,21.0,0.0,0.0,0.0,0.0,0.0,0.0,0.0,0.0,0.0,2017,DEN,WR,D.Thomas
2017121009,00-0027874,0.0,0.0,0.0,0.0,12.0,8.0,93.0,23.0,0.0,1.0,0.0,129.0,70.0,0.0,0.0,0.0,0.0,0.0,0.0,0.0,0.0,0.0,2017,DEN,WR,D.Thomas
2017121400,00-0027874,0.0,0.0,0.0,0.0,8.0,5.0,69.0,21.0,0.0,0.0,0.0,95.0,48.0,0.0,0.0,0.0,0.0,0.0,0.0,0.0,0.0,0.0,2017,DEN,WR,D.Thomas
2017122408,00-0027874,0.0,0.0,0.0,0.0,6.0,4.0,52.0,12.0,0.0,0.0,0.0,64.0,40.0,0.0,0.0,0.0,0.0,0.0,0.0,0.0,0.0,0.0,2017,DEN,WR,D.Thomas
2017123112,00-0027874,0.0,0.0,0.0,0.0,8.0,6.0,57.0,28.0,0.0,1.0,0.0,48.0,29.0,0.0,0.0,0.0,0.0,0.0,0.0,0.0,0.0,0.0,2017,DEN,WR,D.Thomas
2017091101,00-0031609,0.0,0.0,0.0,0.0,3.0,3.0,34.0,14.0,0.0,0.0,0.0,20.0,20.0,0.0,0.0,0.0,0.0,0.0,0.0,0.0,0.0,0.0,2017,MIA,TE,A.Derby
2017091710,00-0031609,0.0,0.0,0.0,0.0,1.0,0.0,0.0,0.0,0.0,0.0,0.0,19.0,0.0,0.0,0.0,0.0,0.0,0.0,0.0,0.0,0.0,0.0,2017,MIA,TE,A.Derby
2017092401,00-0031609,0.0,0.0,0.0,0.0,2.0,1.0,5.0,0.0,0.0,0.0,0.0,8.0,5.0,0.0,0.0,0.0,0.0,0.0,0.0,0.0,0.0,0.0,2017,MIA,TE,A.Derby
2017100112,00-0031609,0.0,0.0,0.0,0.0,6.0,4.0,75.0,29.0,0.0,1.0,1.0,56.0,46.0,0.0,0.0,0.0,0.0,0.0,0.0,0.0,0.0,0.0,2017,MIA,TE,A.Derby
2017101511,00-0031609,0.0,0.0,0.0,0.0,4.0,1.0,10.0,5.0,0.0,0.0,0.0,42.0,5.0,0.0,0.0,0.0,0.0,0.0,0.0,0.0,0.0,0.0,2017,MIA,TE,A.Derby
2017102210,00-0031609,0.0,0.0,0.0,0.0,7.0,6.0,66.0,19.0,1.0,0.0,0.0,70.0,47.0,0.0,0.0,0.0,0.0,0.0,0.0,0.0,0.0,0.0,2017,MIA,TE,A.Derby
2017103000,00-0031609,0.0,0.0,0.0,0.0,4.0,2.0,21.0,0.0,0.0,1.0,0.0,28.0,21.0,0.0,0.0,0.0,0.0,0.0,0.0,0.0,0.0,0.0,2017,MIA,TE,A.Derby
2017110505,00-0031609,0.0,0.0,0.0,0.0,3.0,1.0,11.0,6.0,0.0,0.0,0.0,24.0,5.0,0.0,0.0,0.0,0.0,0.0,0.0,0.0,0.0,0.0,2017,MIA,TE,A.Derby
2017111211,00-0031609,0.0,0.0,0.0,0.0,1.0,1.0,2.0,1.0,0.0,0.0,0.0,1.0,1.0,0.0,0.0,0.0,0.0,0.0,0.0,0.0,0.0,0.0,2017,MIA,TE,A.Derby
2017122403,00-0031609,0.0,0.0,0.0,0.0,5.0,1.0,11.0,6.0,0.0,0.0,0.0,65.0,5.0,0.0,0.0,0.0,0.0,0.0,0.0,0.0,0.0,0.0,2017,MIA,TE,A.Derby
2017123104,00-0031609,0.0,0.0,0.0,0.0,4.0,1.0,9.0,12.0,0.0,0.0,0.0,29.0,-3.0,0.0,0.0,0.0,0.0,0.0,0.0,0.0,0.0,0.0,2017,MIA,TE,A.Derby
2017091700,00-0032426,7.0,46.0,1.0,0.0,0.0,0.0,0.0,0.0,0.0,0.0,0.0,0.0,0.0,0.0,0.0,0.0,0.0,0.0,0.0,0.0,0.0,0.0,2017,BAL,RB,A.Collins
2017092400,00-0032426,9.0,82.0,0.0,0.0,0.0,0.0,0.0,0.0,0.0,0.0,0.0,0.0,0.0,0.0,0.0,0.0,0.0,0.0,0.0,0.0,0.0,0.0,2017,BAL,RB,A.Collins
2017100102,00-0032426,9.0,85.0,1.0,0.0,2.0,0.0,0.0,0.0,0.0,0.0,0.0,3.0,0.0,0.0,0.0,0.0,0.0,0.0,0.0,0.0,0.0,0.0,2017,BAL,RB,A.Collins
2017100809,00-0032426,12.0,55.0,0.0,0.0,0.0,0.0,0.0,0.0,0.0,0.0,0.0,0.0,0.0,0.0,0.0,0.0,0.0,0.0,0.0,0.0,0.0,0.0,2017,BAL,RB,A.Collins
2017101501,00-0032426,15.0,74.0,0.0,0.0,0.0,0.0,0.0,0.0,0.0,0.0,0.0,0.0,0.0,0.0,0.0,0.0,0.0,0.0,0.0,0.0,0.0,0.0,2017,BAL,RB,A.Collins
2017102207,00-0032426,10.0,30.0,0.0,0.0,0.0,0.0,0.0,0.0,0.0,0.0,0.0,0.0,0.0,0.0,0.0,0.0,0.0,0.0,0.0,0.0,0.0,0.0,2017,BAL,RB,A.Collins
2017102600,00-0032426,18.0,109.0,0.0,0.0,2.0,2.0,30.0,34.0,0.0,0.0,0.0,-4.0,-4.0,0.0,0.0,0.0,0.0,0.0,0.0,0.0,0.0,0.0,2017,BAL,RB,A.Collins
2017110506,00-0032426,13.0,43.0,0.0,0.0,1.0,1.0,3.0,2.0,0.0,0.0,0.0,1.0,1.0,0.0,0.0,0.0,0.0,0.0,0.0,0.0,0.0,0.0,2017,BAL,RB,A.Collins
2017111902,00-0032426,20.0,49.0,0.0,1.0,7.0,4.0,22.0,28.0,0.0,0.0,0.0,-7.0,-6.0,0.0,0.0,0.0,0.0,0.0,0.0,0.0,0.0,0.0,2017,BAL,RB,A.Collins
2017112700,00-0032426,16.0,60.0,0.0,1.0,2.0,2.0,-3.0,7.0,0.0,0.0,0.0,-10.0,-10.0,0.0,0.0,0.0,0.0,0.0,0.0,0.0,0.0,0.0,2017,BAL,RB,A.Collins
2017120301,00-0032426,15.0,75.0,0.0,2.0,2.0,2.0,23.0,20.0,0.0,0.0,0.0,3.0,3.0,0.0,0.0,0.0,0.0,0.0,0.0,0.0,0.0,0.0,2017,BAL,RB,A.Collins
2017121013,00-0032426,18.0,120.0,0.0,1.0,2.0,2.0,46.0,44.0,1.0,0.0,0.0,2.0,2.0,0.0,0.0,0.0,0.0,0.0,0.0,0.0,0.0,0.0,2017,BAL,RB,A.Collins
2017121702,00-0032426,12.0,19.0,0.0,0.0,8.0,5.0,33.0,34.0,0.0,0.0,0.0,-1.0,-1.0,0.0,0.0,0.0,0.0,0.0,0.0,0.0,0.0,0.0,2017,BAL,RB,A.Collins
2017122300,00-0032426,18.0,51.0,0.0,0.0,4.0,3.0,15.0,2.0,1.0,0.0,0.0,15.0,13.0,0.0,0.0,0.0,0.0,0.0,0.0,0.0,0.0,0.0,2017,BAL,RB,A.Collins
2017123101,00-0032426,20.0,78.0,0.0,1.0,6.0,2.0,18.0,19.0,0.0,0.0,0.0,-5.0,-1.0,0.0,0.0,0.0,0.0,0.0,0.0,0.0,0.0,0.0,2017,BAL,RB,A.Collins
2017091702,00-0030300,0.0,0.0,0.0,0.0,11.0,4.0,73.0,16.0,0.0,0.0,0.0,171.0,57.0,0.0,0.0,0.0,0.0,0.0,0.0,0.0,0.0,0.0,2017,ARI,WR,J.Brown
2017092500,00-0030300,0.0,0.0,0.0,0.0,6.0,2.0,27.0,3.0,0.0,1.0,0.0,79.0,24.0,0.0,0.0,0.0,0.0,0.0,0.0,0.0,0.0,0.0,2017,ARI,WR,J.Brown
2017100109,00-0030300,0.0,0.0,0.0,0.0,12.0,8.0,105.0,14.0,0.0,0.0,0.0,167.0,91.0,0.0,0.0,0.0,0.0,0.0,0.0,0.0,0.0,0.0,2017,ARI,WR,J.Brown
2017100806,00-0030300,0.0,0.0,0.0,0.0,6.0,3.0,39.0,4.0,0.0,0.0,0.0,123.0,35.0,0.0,0.0,0.0,0.0,0.0,0.0,0.0,0.0,0.0,2017,ARI,WR,J.Brown
2017101507,00-0030300,0.0,0.0,0.0,0.0,1.0,1.0,30.0,14.0,0.0,0.0,0.0,16.0,16.0,0.0,0.0,0.0,0.0,0.0,0.0,0.0,0.0,0.0,2017,ARI,WR,J.Brown
2017102205,00-0030300,0.0,0.0,0.0,0.0,5.0,2.0,37.0,7.0,0.0,0.0,0.0,80.0,30.0,0.0,0.0,0.0,0.0,0.0,0.0,0.0,0.0,0.0,2017,ARI,WR,J.Brown
2017110507,00-0030300,0.0,0.0,0.0,0.0,1.0,1.0,3.0,0.0,0.0,1.0,0.0,3.0,3.0,0.0,0.0,0.0,0.0,0.0,0.0,0.0,0.0,0.0,2017,ARI,WR,J.Brown
2017110900,00-0030300,0.0,0.0,0.0,0.0,6.0,2.0,13.0,2.0,0.0,0.0,0.0,50.0,11.0,0.0,0.0,0.0,0.0,0.0,0.0,0.0,0.0,0.0,2017,ARI,WR,J.Brown
2017111903,00-0030300,0.0,0.0,0.0,0.0,3.0,1.0,22.0,8.0,0.0,0.0,0.0,24.0,14.0,0.0,0.0,0.0,0.0,0.0,0.0,0.0,0.0,0.0,2017,ARI,WR,J.Brown
2017112609,00-0030300,0.0,0.0,0.0,0.0,1.0,1.0,52.0,7.0,0.0,1.0,1.0,45.0,45.0,0.0,0.0,0.0,0.0,0.0,0.0,0.0,0.0,0.0,2017,ARI,WR,J.Brown
2017121008,00-0030300,0.0,0.0,0.0,0.0,5.0,2.0,15.0,10.0,0.0,0.0,0.0,54.0,5.0,0.0,0.0,0.0,0.0,0.0,0.0,0.0,0.0,0.0,2017,ARI,WR,J.Brown
2017121707,00-0030300,0.0,0.0,0.0,0.0,3.0,1.0,9.0,1.0,0.0,0.0,0.0,30.0,8.0,0.0,0.0,0.0,0.0,0.0,0.0,0.0,0.0,0.0,2017,ARI,WR,J.Brown
2017122410,00-0030300,0.0,0.0,0.0,0.0,4.0,2.0,27.0,5.0,0.0,0.0,0.0,63.0,22.0,0.0,0.0,0.0,0.0,0.0,0.0,0.0,0.0,0.0,2017,ARI,WR,J.Brown
2017123115,00-0030300,0.0,0.0,0.0,0.0,5.0,1.0,25.0,0.0,0.0,1.0,0.0,143.0,25.0,0.0,0.0,0.0,0.0,0.0,0.0,0.0,0.0,0.0,2017,ARI,WR,J.Brown
2017091707,00-0031390,2.0,2.0,0.0,0.0,3.0,2.0,7.0,10.0,1.0,0.0,0.0,40.0,-3.0,0.0,0.0,0.0,0.0,0.0,0.0,0.0,0.0,0.0,2017,TB,RB,C.Sims
2017092406,00-0031390,2.0,4.0,0.0,0.0,1.0,1.0,9.0,7.0,0.0,0.0,0.0,2.0,2.0,0.0,0.0,0.0,0.0,0.0,0.0,0.0,0.0,0.0,2017,TB,RB,C.Sims
2017100111,00-0031390,1.0,14.0,0.0,0.0,1.0,1.0,7.0,7.0,0.0,0.0,0.0,0.0,0.0,0.0,0.0,0.0,0.0,0.0,0.0,0.0,0.0,0.0,2017,TB,RB,C.Sims
2017100500,00-0031390,1.0,3.0,0.0,0.0,7.0,5.0,31.0,14.0,0.0,0.0,0.0,50.0,17.0,0.0,0.0,0.0,0.0,0.0,0.0,0.0,0.0,0.0,2017,TB,RB,C.Sims
2017101507,00-0031390,0.0,0.0,0.0,0.0,5.0,4.0,45.0,46.0,0.0,0.0,0.0,2.0,-1.0,0.0,0.0,0.0,0.0,0.0,0.0,0.0,0.0,0.0,2017,TB,RB,C.Sims
2017102200,00-0031390,2.0,8.0,0.0,0.0,3.0,2.0,10.0,8.0,0.0,0.0,0.0,33.0,2.0,0.0,0.0,0.0,0.0,0.0,0.0,0.0,0.0,0.0,2017,TB,RB,C.Sims
2017110503,00-0031390,0.0,0.0,0.0,0.0,2.0,2.0,11.0,8.0,0.0,0.0,0.0,3.0,3.0,0.0,0.0,0.0,0.0,0.0,0.0,0.0,0.0,0.0,2017,TB,RB,C.Sims
2017111205,00-0031390,3.0,20.0,0.0,0.0,4.0,3.0,10.0,9.0,0.0,1.0,1.0,6.0,1.0,0.0,0.0,0.0,0.0,0.0,0.0,0.0,0.0,0.0,2017,TB,RB,C.Sims
2017111911,00-0031390,1.0,3.0,0.0,0.0,5.0,3.0,25.0,23.0,0.0,0.0,0.0,-4.0,2.0,0.0,0.0,0.0,0.0,0.0,0.0,0.0,0.0,0.0,2017,TB,RB,C.Sims
2017112600,00-0031390,1.0,3.0,0.0,0.0,5.0,3.0,26.0,19.0,0.0,0.0,0.0,10.0,7.0,0.0,0.0,0.0,0.0,0.0,0.0,0.0,0.0,0.0,2017,TB,RB,C.Sims
2017120304,00-0031390,3.0,16.0,0.0,0.0,2.0,2.0,35.0,37.0,0.0,0.0,0.0,-2.0,-2.0,0.0,0.0,0.0,0.0,0.0,0.0,0.0,0.0,0.0,2017,TB,RB,C.Sims
2017121007,00-0031390,3.0,16.0,0.0,0.0,3.0,2.0,11.0,14.0,0.0,0.0,0.0,-8.0,-3.0,0.0,0.0,0.0,0.0,0.0,0.0,0.0,0.0,0.0,2017,TB,RB,C.Sims
2017122400,00-0031390,1.0,0.0,0.0,0.0,1.0,1.0,19.0,5.0,0.0,0.0,0.0,14.0,14.0,0.0,0.0,0.0,0.0,0.0,0.0,0.0,0.0,0.0,2017,TB,RB,C.Sims
2017123110,00-0031390,1.0,6.0,0.0,0.0,1.0,0.0,0.0,0.0,0.0,0.0,0.0,5.0,0.0,0.0,0.0,0.0,0.0,0.0,0.0,0.0,0.0,0.0,2017,TB,RB,C.Sims
2017091708,00-0031382,1.0,-7.0,0.0,0.0,15.0,13.0,78.0,60.0,0.0,0.0,0.0,27.0,18.0,1.0,0.0,0.0,11.0,0.0,0.0,0.0,0.0,0.0,2017,MIA,WR,J.Landry
2017092408,00-0031382,0.0,0.0,0.0,0.0,11.0,6.0,48.0,14.0,0.0,0.0,0.0,96.0,34.0,0.0,0.0,0.0,0.0,0.0,0.0,0.0,0.0,0.0,2017,MIA,WR,J.Landry
2017100100,00-0031382,0.0,0.0,0.0,0.0,7.0,6.0,40.0,18.0,0.0,0.0,0.0,31.0,22.0,0.0,0.0,0.0,0.0,0.0,0.0,0.0,0.0,0.0,2017,MIA,WR,J.Landry
2017100804,00-0031382,0.0,0.0,0.0,0.0,10.0,5.0,44.0,10.0,0.0,1.0,0.0,76.0,34.0,0.0,0.0,0.0,0.0,0.0,0.0,0.0,0.0,0.0,2017,MIA,WR,J.Landry
2017101500,00-0031382,0.0,0.0,0.0,0.0,14.0,8.0,62.0,35.0,0.0,1.0,1.0,81.0,27.0,0.0,0.0,0.0,0.0,0.0,0.0,0.0,0.0,0.0,2017,MIA,WR,J.Landry
2017102206,00-0031382,0.0,0.0,0.0,0.0,11.0,7.0,93.0,23.0,0.0,1.0,0.0,111.0,70.0,0.0,0.0,0.0,0.0,0.0,0.0,0.0,0.0,0.0,2017,MIA,WR,J.Landry
2017102600,00-0031382,0.0,0.0,0.0,0.0,12.0,5.0,33.0,16.0,0.0,1.0,0.0,87.0,17.0,0.0,0.0,0.0,0.0,0.0,0.0,0.0,0.0,0.0,2017,MIA,WR,J.Landry
2017110510,00-0031382,0.0,0.0,0.0,0.0,7.0,6.0,32.0,26.0,0.0,1.0,1.0,0.0,6.0,0.0,0.0,0.0,0.0,0.0,0.0,0.0,0.0,0.0,2017,MIA,WR,J.Landry
2017111300,00-0031382,0.0,0.0,0.0,0.0,10.0,5.0,42.0,13.0,0.0,1.0,0.0,75.0,29.0,0.0,0.0,0.0,0.0,0.0,0.0,0.0,0.0,0.0,2017,MIA,WR,J.Landry
2017111911,00-0031382,0.0,0.0,0.0,0.0,11.0,6.0,95.0,50.0,1.0,1.0,0.0,111.0,45.0,0.0,0.0,0.0,0.0,0.0,0.0,0.0,0.0,0.0,2017,MIA,WR,J.Landry
2017112604,00-0031382,0.0,0.0,0.0,0.0,9.0,8.0,70.0,33.0,1.0,0.0,0.0,50.0,37.0,0.0,0.0,0.0,0.0,0.0,0.0,0.0,0.0,0.0,2017,MIA,WR,J.Landry
2017120306,00-0031382,0.0,0.0,0.0,0.0,6.0,5.0,62.0,29.0,0.0,0.0,0.0,38.0,33.0,0.0,0.0,0.0,0.0,0.0,0.0,0.0,0.0,0.0,2017,MIA,WR,J.Landry
2017121100,00-0031382,0.0,0.0,0.0,0.0,8.0,8.0,56.0,46.0,0.0,2.0,1.0,0.0,0.0,0.0,0.0,0.0,0.0,0.0,0.0,0.0,0.0,0.0,2017,MIA,WR,J.Landry
2017121700,00-0031382,0.0,0.0,0.0,0.0,13.0,10.0,99.0,39.0,0.0,0.0,0.0,106.0,60.0,0.0,0.0,0.0,0.0,0.0,0.0,0.0,0.0,0.0,2017,MIA,WR,J.Landry
2017122403,00-0031382,0.0,0.0,0.0,0.0,7.0,5.0,51.0,25.0,1.0,0.0,0.0,32.0,26.0,0.0,0.0,0.0,0.0,0.0,0.0,0.0,0.0,0.0,2017,MIA,WR,J.Landry
2017123104,00-0031382,0.0,0.0,0.0,0.0,10.0,9.0,92.0,61.0,1.0,2.0,2.0,35.0,31.0,0.0,0.0,0.0,0.0,0.0,0.0,0.0,0.0,0.0,2017,MIA,WR,J.Landry
2017091708,00-0031547,0.0,0.0,0.0,0.0,9.0,4.0,85.0,23.0,0.0,0.0,0.0,171.0,62.0,0.0,0.0,0.0,0.0,0.0,0.0,0.0,0.0,0.0,2017,MIA,WR,D.Parker
2017092408,00-0031547,0.0,0.0,0.0,0.0,10.0,8.0,76.0,2.0,0.0,1.0,0.0,155.0,74.0,0.0,0.0,0.0,0.0,0.0,0.0,0.0,0.0,0.0,2017,MIA,WR,D.Parker
2017100100,00-0031547,0.0,0.0,0.0,0.0,8.0,6.0,69.0,16.0,0.0,0.0,0.0,95.0,53.0,0.0,0.0,0.0,0.0,0.0,0.0,0.0,0.0,0.0,2017,MIA,WR,D.Parker
2017100804,00-0031547,0.0,0.0,0.0,0.0,1.0,1.0,6.0,6.0,0.0,0.0,0.0,0.0,0.0,0.0,0.0,0.0,0.0,0.0,0.0,0.0,0.0,0.0,2017,MIA,WR,D.Parker
2017110510,00-0031547,0.0,0.0,0.0,0.0,8.0,4.0,76.0,24.0,0.0,0.0,0.0,125.0,26.0,0.0,0.0,0.0,0.0,0.0,0.0,0.0,0.0,0.0,2017,MIA,WR,D.Parker
2017111300,00-0031547,0.0,0.0,0.0,0.0,9.0,6.0,66.0,19.0,0.0,0.0,0.0,120.0,47.0,0.0,0.0,0.0,0.0,0.0,0.0,0.0,0.0,0.0,2017,MIA,WR,D.Parker
2017111911,00-0031547,0.0,0.0,0.0,0.0,9.0,4.0,26.0,13.0,0.0,0.0,0.0,65.0,13.0,0.0,0.0,0.0,0.0,0.0,0.0,0.0,0.0,0.0,2017,MIA,WR,D.Parker
2017112604,00-0031547,0.0,0.0,0.0,0.0,3.0,1.0,5.0,1.0,0.0,0.0,0.0,53.0,4.0,0.0,0.0,0.0,0.0,0.0,0.0,0.0,0.0,0.0,2017,MIA,WR,D.Parker
2017120306,00-0031547,0.0,0.0,0.0,0.0,4.0,1.0,5.0,8.0,0.0,1.0,0.0,56.0,-3.0,0.0,0.0,0.0,0.0,0.0,0.0,0.0,0.0,0.0,2017,MIA,WR,D.Parker
2017121100,00-0031547,0.0,0.0,0.0,0.0,6.0,4.0,40.0,33.0,0.0,0.0,0.0,11.0,7.0,0.0,0.0,0.0,0.0,0.0,0.0,0.0,0.0,0.0,2017,MIA,WR,D.Parker
2017121700,00-0031547,0.0,0.0,0.0,0.0,12.0,6.0,89.0,23.0,1.0,0.0,0.0,150.0,66.0,0.0,0.0,0.0,0.0,0.0,0.0,0.0,0.0,0.0,2017,MIA,WR,D.Parker
2017122403,00-0031547,0.0,0.0,0.0,0.0,10.0,5.0,63.0,9.0,0.0,0.0,0.0,150.0,54.0,0.0,0.0,0.0,0.0,0.0,0.0,0.0,0.0,0.0,2017,MIA,WR,D.Parker
2017123104,00-0031547,0.0,0.0,0.0,0.0,7.0,6.0,64.0,30.0,1.0,0.0,0.0,55.0,34.0,0.0,0.0,0.0,0.0,0.0,0.0,0.0,0.0,0.0,2017,MIA,WR,D.Parker
2017091708,00-0031590,28.0,122.0,0.0,0.0,2.0,2.0,4.0,7.0,0.0,0.0,0.0,-3.0,-3.0,0.0,0.0,0.0,0.0,0.0,0.0,0.0,0.0,0.0,2017,PHI,RB,J.Ajayi
2017092408,00-0031590,11.0,16.0,0.0,0.0,3.0,2.0,9.0,7.0,0.0,0.0,0.0,7.0,2.0,0.0,0.0,0.0,0.0,0.0,0.0,0.0,0.0,0.0,2017,PHI,RB,J.Ajayi
2017100100,00-0031590,13.0,58.0,0.0,0.0,1.0,1.0,8.0,6.0,0.0,0.0,0.0,2.0,2.0,0.0,0.0,0.0,0.0,0.0,0.0,0.0,0.0,0.0,2017,PHI,RB,J.Ajayi
2017100804,00-0031590,25.0,77.0,1.0,0.0,3.0,2.0,2.0,1.0,0.0,0.0,0.0,1.0,1.0,0.0,0.0,0.0,0.0,0.0,0.0,0.0,0.0,0.0,2017,PHI,RB,J.Ajayi
2017101500,00-0031590,26.0,130.0,0.0,0.0,3.0,0.0,0.0,0.0,0.0,0.0,0.0,7.0,0.0,0.0,0.0,0.0,0.0,0.0,0.0,0.0,0.0,0.0,2017,PHI,RB,J.Ajayi
2017102206,00-0031590,23.0,51.0,0.0,0.0,4.0,3.0,26.0,29.0,0.0,0.0,0.0,-8.0,-3.0,0.0,0.0,0.0,0.0,0.0,0.0,0.0,0.0,0.0,2017,PHI,RB,J.Ajayi
2017102600,00-0031590,13.0,23.0,0.0,0.0,4.0,4.0,18.0,17.0,0.0,0.0,0.0,1.0,1.0,0.0,0.0,0.0,0.0,0.0,0.0,0.0,0.0,0.0,2017,PHI,RB,J.Ajayi
2017110505,00-0031590,8.0,77.0,0.0,1.0,0.0,0.0,0.0,0.0,0.0,0.0,0.0,0.0,0.0,0.0,0.0,0.0,0.0,0.0,0.0,0.0,0.0,0.0,2017,PHI,RB,J.Ajayi
2017111910,00-0031590,7.0,91.0,0.0,0.0,1.0,1.0,10.0,13.0,0.0,0.0,0.0,-3.0,-3.0,0.0,0.0,0.0,0.0,0.0,0.0,0.0,0.0,0.0,2017,PHI,RB,J.Ajayi
2017112606,00-0031590,5.0,26.0,1.0,1.0,2.0,1.0,7.0,13.0,0.0,0.0,0.0,-8.0,-6.0,0.0,0.0,0.0,0.0,0.0,0.0,0.0,0.0,0.0,2017,PHI,RB,J.Ajayi
2017120313,00-0031590,9.0,35.0,0.0,0.0,4.0,3.0,11.0,7.0,0.0,0.0,0.0,-2.0,4.0,0.0,0.0,0.0,0.0,0.0,0.0,0.0,0.0,0.0,2017,PHI,RB,J.Ajayi
2017121011,00-0031590,15.0,78.0,0.0,0.0,2.0,1.0,2.0,2.0,0.0,0.0,0.0,1.0,0.0,0.0,0.0,0.0,0.0,0.0,0.0,0.0,0.0,0.0,2017,PHI,RB,J.Ajayi
2017121706,00-0031590,12.0,49.0,0.0,0.0,2.0,2.0,40.0,40.0,0.0,0.0,0.0,0.0,0.0,0.0,0.0,0.0,0.0,0.0,0.0,0.0,0.0,0.0,2017,PHI,RB,J.Ajayi
2017122501,00-0031590,14.0,52.0,1.0,0.0,3.0,2.0,21.0,34.0,0.0,1.0,1.0,-18.0,-13.0,0.0,0.0,0.0,0.0,0.0,0.0,0.0,0.0,0.0,2017,PHI,RB,J.Ajayi
2017091708,00-0033118,1.0,-3.0,0.0,0.0,0.0,0.0,0.0,0.0,0.0,0.0,0.0,0.0,0.0,0.0,0.0,0.0,0.0,0.0,0.0,0.0,0.0,0.0,2017,MIA,RB,K.Drake
2017092408,00-0033118,1.0,0.0,0.0,0.0,2.0,1.0,2.0,3.0,0.0,0.0,0.0,-3.0,-1.0,0.0,0.0,0.0,0.0,0.0,0.0,0.0,0.0,0.0,2017,MIA,RB,K.Drake
2017100100,00-0033118,1.0,6.0,0.0,0.0,3.0,2.0,5.0,13.0,0.0,0.0,0.0,-4.0,-8.0,0.0,0.0,0.0,0.0,0.0,0.0,0.0,0.0,0.0,2017,MIA,RB,K.Drake
2017100804,00-0033118,1.0,0.0,0.0,0.0,0.0,0.0,0.0,0.0,0.0,0.0,0.0,0.0,0.0,0.0,0.0,0.0,0.0,0.0,0.0,0.0,0.0,0.0,2017,MIA,RB,K.Drake
2017102600,00-0033118,6.0,22.0,0.0,0.0,1.0,0.0,0.0,0.0,0.0,0.0,0.0,-6.0,0.0,0.0,0.0,0.0,0.0,0.0,0.0,0.0,0.0,0.0,2017,MIA,RB,K.Drake
2017110510,00-0033118,9.0,69.0,1.0,0.0,6.0,6.0,35.0,38.0,0.0,0.0,0.0,-3.0,-3.0,0.0,0.0,0.0,0.0,0.0,0.0,0.0,0.0,0.0,2017,MIA,RB,K.Drake
2017111300,00-0033118,7.0,82.0,0.0,1.0,2.0,2.0,10.0,10.0,0.0,0.0,0.0,0.0,0.0,0.0,0.0,0.0,0.0,0.0,0.0,0.0,0.0,0.0,2017,MIA,RB,K.Drake
2017111911,00-0033118,7.0,4.0,0.0,0.0,2.0,1.0,10.0,7.0,0.0,0.0,0.0,-1.0,3.0,0.0,0.0,0.0,0.0,0.0,0.0,0.0,0.0,0.0,2017,MIA,RB,K.Drake
2017112604,00-0033118,9.0,24.0,1.0,0.0,4.0,3.0,27.0,32.0,0.0,1.0,1.0,-8.0,-5.0,0.0,0.0,0.0,0.0,0.0,0.0,0.0,0.0,0.0,2017,MIA,RB,K.Drake
2017120306,00-0033118,23.0,120.0,0.0,1.0,5.0,3.0,21.0,23.0,0.0,0.0,0.0,-5.0,-2.0,0.0,0.0,0.0,0.0,0.0,0.0,0.0,0.0,0.0,2017,MIA,RB,K.Drake
2017121100,00-0033118,25.0,114.0,0.0,0.0,6.0,5.0,79.0,36.0,0.0,0.0,0.0,38.0,43.0,0.0,0.0,0.0,0.0,0.0,0.0,0.0,0.0,0.0,2017,MIA,RB,K.Drake
2017121700,00-0033118,16.0,78.0,0.0,1.0,11.0,6.0,35.0,37.0,0.0,0.0,0.0,-1.0,-2.0,0.0,0.0,0.0,0.0,0.0,0.0,0.0,0.0,0.0,2017,MIA,RB,K.Drake
2017122403,00-0033118,13.0,57.0,0.0,0.0,3.0,0.0,0.0,0.0,0.0,0.0,0.0,24.0,0.0,0.0,0.0,0.0,0.0,0.0,0.0,0.0,0.0,0.0,2017,MIA,RB,K.Drake
2017123104,00-0033118,14.0,75.0,0.0,0.0,3.0,3.0,15.0,15.0,0.0,0.0,0.0,0.0,0.0,0.0,0.0,0.0,0.0,0.0,0.0,0.0,0.0,0.0,2017,MIA,RB,K.Drake
2017091711,00-0033526,21.0,67.0,0.0,0.0,1.0,1.0,0.0,1.0,0.0,0.0,0.0,-1.0,-1.0,0.0,0.0,0.0,0.0,0.0,0.0,0.0,0.0,0.0,2017,WAS,RB,S.Perine
2017092413,00-0033526,19.0,47.0,1.0,0.0,1.0,1.0,6.0,9.0,0.0,0.0,0.0,-3.0,-3.0,0.0,0.0,0.0,0.0,0.0,0.0,0.0,0.0,0.0,2017,WAS,RB,S.Perine
2017100200,00-0033526,6.0,27.0,0.0,0.0,0.0,0.0,0.0,0.0,0.0,0.0,0.0,0.0,0.0,0.0,0.0,0.0,0.0,0.0,0.0,0.0,0.0,0.0,2017,WAS,RB,S.Perine
2017101506,00-0033526,9.0,23.0,0.0,0.0,3.0,3.0,24.0,31.0,0.0,1.0,1.0,-7.0,-7.0,0.0,0.0,0.0,0.0,0.0,0.0,0.0,0.0,0.0,2017,WAS,RB,S.Perine
2017110508,00-0033526,2.0,9.0,0.0,0.0,0.0,0.0,0.0,0.0,0.0,0.0,0.0,0.0,0.0,0.0,0.0,0.0,0.0,0.0,0.0,0.0,0.0,0.0,2017,WAS,RB,S.Perine
2017111207,00-0033526,9.0,35.0,0.0,0.0,1.0,1.0,25.0,25.0,0.0,0.0,0.0,0.0,0.0,0.0,0.0,0.0,0.0,0.0,0.0,0.0,0.0,0.0,2017,WAS,RB,S.Perine
2017111905,00-0033526,23.0,117.0,0.0,1.0,2.0,1.0,9.0,11.0,0.0,0.0,0.0,0.0,-2.0,0.0,0.0,0.0,0.0,0.0,0.0,0.0,0.0,0.0,2017,WAS,RB,S.Perine
2017112302,00-0033526,24.0,101.0,1.0,0.0,4.0,3.0,30.0,31.0,0.0,0.0,0.0,-2.0,-1.0,0.0,0.0,0.0,0.0,0.0,0.0,0.0,0.0,0.0,2017,WAS,RB,S.Perine
2017113000,00-0033526,12.0,38.0,0.0,0.0,3.0,3.0,31.0,36.0,0.0,0.0,0.0,-5.0,-5.0,0.0,0.0,0.0,0.0,0.0,0.0,0.0,0.0,0.0,2017,WAS,RB,S.Perine
2017121010,00-0033526,17.0,45.0,0.0,0.0,4.0,4.0,7.0,10.0,0.0,0.0,0.0,-3.0,-3.0,0.0,0.0,0.0,0.0,0.0,0.0,0.0,0.0,0.0,2017,WAS,RB,S.Perine
2017121707,00-0033526,14.0,37.0,0.0,0.0,2.0,2.0,29.0,28.0,0.0,0.0,0.0,1.0,1.0,0.0,0.0,0.0,0.0,0.0,0.0,0.0,0.0,0.0,2017,WAS,RB,S.Perine
2017122408,00-0033526,17.0,53.0,1.0,0.0,3.0,3.0,21.0,24.0,0.0,0.0,0.0,-3.0,-3.0,0.0,0.0,0.0,0.0,0.0,0.0,0.0,0.0,0.0,2017,WAS,RB,S.Perine
2017123107,00-0033526,2.0,3.0,0.0,0.0,0.0,0.0,0.0,0.0,0.0,0.0,0.0,0.0,0.0,0.0,0.0,0.0,0.0,0.0,0.0,0.0,0.0,0.0,2017,WAS,RB,S.Perine
2017092800,00-0031589,0.0,0.0,0.0,0.0,0.0,0.0,0.0,0.0,0.0,0.0,0.0,0.0,0.0,1.0,1.0,0.0,-1.0,-1.0,0.0,0.0,0.0,0.0,2017,GB,QB,B.Hundley
2017101503,00-0031589,1.0,3.0,0.0,0.0,0.0,0.0,0.0,0.0,0.0,0.0,0.0,0.0,0.0,33.0,18.0,165.0,257.0,114.0,6.0,3.0,2.0,1.0,2017,GB,QB,B.Hundley
2017102203,00-0031589,3.0,44.0,0.0,1.0,0.0,0.0,0.0,0.0,0.0,0.0,0.0,0.0,0.0,25.0,12.0,87.0,251.0,39.0,2.0,1.0,0.0,0.0,2017,GB,QB,B.Hundley
2017110600,00-0031589,4.0,22.0,0.0,1.0,0.0,0.0,0.0,0.0,0.0,0.0,0.0,0.0,0.0,38.0,26.0,245.0,234.0,85.0,4.0,0.0,0.0,0.0,2017,GB,QB,B.Hundley
2017111201,00-0031589,1.0,17.0,0.0,0.0,0.0,0.0,0.0,0.0,0.0,0.0,0.0,0.0,0.0,25.0,18.0,212.0,158.0,109.0,3.0,0.0,1.0,1.0,2017,GB,QB,B.Hundley
2017111902,00-0031589,3.0,19.0,0.0,0.0,0.0,0.0,0.0,0.0,0.0,0.0,0.0,0.0,0.0,36.0,21.0,238.0,327.0,165.0,5.0,3.0,0.0,0.0,2017,GB,QB,B.Hundley
2017112611,00-0031589,1.0,6.0,0.0,0.0,0.0,0.0,0.0,0.0,0.0,0.0,0.0,0.0,0.0,26.0,17.0,245.0,134.0,59.0,1.0,0.0,3.0,0.0,2017,GB,QB,B.Hundley
2017120304,00-0031589,6.0,67.0,0.0,0.0,0.0,0.0,0.0,0.0,0.0,0.0,0.0,0.0,0.0,22.0,13.0,84.0,167.0,13.0,1.0,1.0,0.0,0.0,2017,GB,QB,B.Hundley
2017121003,00-0031589,6.0,32.0,0.0,0.0,0.0,0.0,0.0,0.0,0.0,0.0,0.0,0.0,0.0,46.0,35.0,265.0,216.0,88.0,3.0,0.0,3.0,1.0,2017,GB,QB,B.Hundley
2017122301,00-0031589,5.0,48.0,0.0,0.0,0.0,0.0,0.0,0.0,0.0,0.0,0.0,0.0,0.0,40.0,17.0,130.0,512.0,101.0,3.0,2.0,0.0,0.0,2017,GB,QB,B.Hundley
2017123102,00-0031589,3.0,15.0,1.0,0.0,1.0,1.0,10.0,15.0,0.0,0.0,0.0,-5.0,-5.0,24.0,14.0,172.0,138.0,49.0,5.0,2.0,1.0,0.0,2017,GB,QB,B.Hundley
2017100113,00-0032602,4.0,38.0,0.0,1.0,1.0,1.0,27.0,0.0,0.0,1.0,0.0,27.0,27.0,0.0,0.0,0.0,0.0,0.0,0.0,0.0,0.0,0.0,2017,SEA,RB,J.McKissic
2017100808,00-0032602,2.0,0.0,0.0,0.0,5.0,3.0,36.0,22.0,0.0,0.0,0.0,80.0,14.0,0.0,0.0,0.0,0.0,0.0,0.0,0.0,0.0,0.0,2017,SEA,RB,J.McKissic
2017102211,00-0032602,3.0,10.0,0.0,0.0,2.0,2.0,23.0,22.0,0.0,0.0,0.0,1.0,1.0,0.0,0.0,0.0,0.0,0.0,0.0,0.0,0.0,0.0,2017,SEA,RB,J.McKissic
2017102908,00-0032602,4.0,6.0,0.0,0.0,2.0,1.0,6.0,3.0,0.0,0.0,0.0,8.0,3.0,0.0,0.0,0.0,0.0,0.0,0.0,0.0,0.0,0.0,2017,SEA,RB,J.McKissic
2017110508,00-0032602,3.0,12.0,0.0,0.0,3.0,2.0,14.0,6.0,0.0,0.0,0.0,9.0,8.0,0.0,0.0,0.0,0.0,0.0,0.0,0.0,0.0,0.0,2017,SEA,RB,J.McKissic
2017110900,00-0032602,5.0,26.0,0.0,0.0,5.0,4.0,20.0,13.0,0.0,0.0,0.0,11.0,7.0,0.0,0.0,0.0,0.0,0.0,0.0,0.0,0.0,0.0,2017,SEA,RB,J.McKissic
2017112000,00-0032602,7.0,30.0,0.0,0.0,6.0,5.0,23.0,32.0,0.0,0.0,0.0,14.0,-9.0,0.0,0.0,0.0,0.0,0.0,0.0,0.0,0.0,0.0,2017,SEA,RB,J.McKissic
2017112608,00-0032602,4.0,22.0,0.0,0.0,7.0,4.0,24.0,39.0,0.0,0.0,0.0,5.0,-15.0,0.0,0.0,0.0,0.0,0.0,0.0,0.0,0.0,0.0,2017,SEA,RB,J.McKissic
2017120313,00-0032602,1.0,-1.0,0.0,0.0,3.0,1.0,15.0,0.0,0.0,1.0,0.0,25.0,15.0,0.0,0.0,0.0,0.0,0.0,0.0,0.0,0.0,0.0,2017,SEA,RB,J.McKissic
2017121005,00-0032602,3.0,15.0,0.0,0.0,5.0,5.0,20.0,17.0,0.0,0.0,0.0,3.0,3.0,0.0,0.0,0.0,0.0,0.0,0.0,0.0,0.0,0.0,2017,SEA,RB,J.McKissic
2017121708,00-0032602,6.0,20.0,0.0,0.0,4.0,3.0,38.0,13.0,0.0,0.0,0.0,28.0,25.0,0.0,0.0,0.0,0.0,0.0,0.0,0.0,0.0,0.0,2017,SEA,RB,J.McKissic
2017123115,00-0032602,4.0,9.0,0.0,0.0,3.0,3.0,20.0,19.0,0.0,0.0,0.0,1.0,1.0,0.0,0.0,0.0,0.0,0.0,0.0,0.0,0.0,0.0,2017,SEA,RB,J.McKissic
2017102204,00-0032209,9.0,122.0,0.0,1.0,2.0,2.0,15.0,9.0,1.0,0.0,0.0,6.0,6.0,0.0,0.0,0.0,0.0,0.0,0.0,0.0,0.0,0.0,2017,JAX,RB,T.Yeldon
2017110502,00-0032209,11.0,41.0,1.0,0.0,4.0,2.0,11.0,3.0,0.0,0.0,0.0,9.0,8.0,0.0,0.0,0.0,0.0,0.0,0.0,0.0,0.0,0.0,2017,JAX,RB,T.Yeldon
2017111204,00-0032209,3.0,11.0,0.0,0.0,8.0,6.0,39.0,25.0,0.0,0.0,0.0,22.0,14.0,0.0,0.0,0.0,0.0,0.0,0.0,0.0,0.0,0.0,2017,JAX,RB,T.Yeldon
2017111901,00-0032209,5.0,15.0,1.0,0.0,2.0,1.0,5.0,4.0,0.0,0.0,0.0,-4.0,1.0,0.0,0.0,0.0,0.0,0.0,0.0,0.0,0.0,0.0,2017,JAX,RB,T.Yeldon
2017112609,00-0032209,3.0,10.0,0.0,0.0,6.0,5.0,42.0,33.0,0.0,0.0,0.0,9.0,9.0,0.0,0.0,0.0,0.0,0.0,0.0,0.0,0.0,0.0,2017,JAX,RB,T.Yeldon
2017120305,00-0032209,0.0,0.0,0.0,0.0,2.0,2.0,25.0,33.0,0.0,0.0,0.0,-8.0,-8.0,0.0,0.0,0.0,0.0,0.0,0.0,0.0,0.0,0.0,2017,JAX,RB,T.Yeldon
2017121005,00-0032209,2.0,9.0,0.0,0.0,0.0,0.0,0.0,0.0,0.0,0.0,0.0,0.0,0.0,0.0,0.0,0.0,0.0,0.0,0.0,0.0,0.0,0.0,2017,JAX,RB,T.Yeldon
2017121703,00-0032209,7.0,27.0,0.0,0.0,5.0,4.0,25.0,31.0,0.0,0.0,0.0,-2.0,-6.0,0.0,0.0,0.0,0.0,0.0,0.0,0.0,0.0,0.0,2017,JAX,RB,T.Yeldon
2017122409,00-0032209,5.0,13.0,0.0,1.0,10.0,7.0,64.0,48.0,0.0,0.0,0.0,11.0,16.0,0.0,0.0,0.0,0.0,0.0,0.0,0.0,0.0,0.0,2017,JAX,RB,T.Yeldon
2017123111,00-0032209,4.0,5.0,0.0,0.0,2.0,1.0,-2.0,2.0,0.0,0.0,0.0,15.0,-4.0,0.0,0.0,0.0,0.0,0.0,0.0,0.0,0.0,0.0,2017,JAX,RB,T.Yeldon
2017102204,00-0032355,0.0,0.0,0.0,0.0,2.0,2.0,21.0,1.0,0.0,0.0,0.0,20.0,20.0,0.0,0.0,0.0,0.0,0.0,0.0,0.0,0.0,0.0,2017,IND,WR,C.Rogers
2017102902,00-0032355,0.0,0.0,0.0,0.0,2.0,2.0,9.0,10.0,0.0,0.0,0.0,-1.0,-1.0,0.0,0.0,0.0,0.0,0.0,0.0,0.0,0.0,0.0,2017,IND,WR,C.Rogers
2017110501,00-0032355,0.0,0.0,0.0,0.0,2.0,1.0,17.0,13.0,0.0,0.0,0.0,6.0,4.0,0.0,0.0,0.0,0.0,0.0,0.0,0.0,0.0,0.0,2017,IND,WR,C.Rogers
2017111203,00-0032355,1.0,3.0,0.0,0.0,6.0,6.0,104.0,56.0,0.0,1.0,1.0,48.0,48.0,0.0,0.0,0.0,0.0,0.0,0.0,0.0,0.0,0.0,2017,IND,WR,C.Rogers
2017112602,00-0032355,0.0,0.0,0.0,0.0,4.0,3.0,34.0,20.0,0.0,0.0,0.0,18.0,14.0,0.0,0.0,0.0,0.0,0.0,0.0,0.0,0.0,0.0,2017,IND,WR,C.Rogers
2017120305,00-0032355,1.0,-2.0,0.0,0.0,6.0,4.0,35.0,4.0,0.0,0.0,0.0,66.0,31.0,0.0,0.0,0.0,0.0,0.0,0.0,0.0,0.0,0.0,2017,IND,WR,C.Rogers
2017121000,00-0032355,0.0,0.0,0.0,0.0,4.0,2.0,6.0,0.0,0.0,0.0,0.0,51.0,6.0,0.0,0.0,0.0,0.0,0.0,0.0,0.0,0.0,0.0,2017,IND,WR,C.Rogers
2017121400,00-0032355,1.0,7.0,0.0,0.0,3.0,0.0,0.0,0.0,0.0,0.0,0.0,30.0,0.0,0.0,0.0,0.0,0.0,0.0,0.0,0.0,0.0,0.0,2017,IND,WR,C.Rogers
2017122300,00-0032355,0.0,0.0,0.0,0.0,4.0,1.0,19.0,0.0,0.0,0.0,0.0,42.0,19.0,0.0,0.0,0.0,0.0,0.0,0.0,0.0,0.0,0.0,2017,IND,WR,C.Rogers
2017123103,00-0032355,0.0,0.0,0.0,0.0,4.0,2.0,39.0,0.0,0.0,0.0,0.0,65.0,39.0,0.0,0.0,0.0,0.0,0.0,0.0,0.0,0.0,0.0,2017,IND,WR,C.Rogers
