play_id,game_id,posteam,defteam,posteam_score,defteam_score,qtr,time,yardline_100,down,ydstogo,play_type,yards_gained,rush_attempt,pass_attempt,complete_pass,touchdown,interception,safety,fumble,fumble_lost,qb_hit,sack,field_goal_attempt,punt_attempt,run_location,shotgun,no_huddle,pass_location,air_yards,yards_after_catch,epa,wp,wpa,passer_player_id,passer_player_name,receiver_player_id,receiver_player_name,rusher_player_id,rusher_player_name,turnover,first_down
51,2018101412,NE,KC,0.0,0.0,1,15:00:00,75.0,1.0,10,pass,12,0.0,1.0,1.0,0.0,0.0,0.0,0.0,0.0,0.0,0.0,0.0,0.0,,1,0,left,9.0,3.0,1.1149963782597725,0.5000068217219346,0.0353220858886788,00-0019596,T.Brady,00-0029664,J.Gordon,,,False,True
75,2018101412,NE,KC,0.0,0.0,1,14:27:00,63.0,1.0,10,run,5,1.0,0.0,0.0,0.0,0.0,0.0,0.0,0.0,0.0,0.0,0.0,0.0,left,0,0,,,,0.08667194729705319,0.5353289076106134,0.004601501139369968,,,,,00-0034845,S.Michel,False,False
96,2018101412,NE,KC,0.0,0.0,1,13:54:00,58.0,2.0,5,run,11,1.0,0.0,0.0,0.0,0.0,0.0,0.0,0.0,0.0,0.0,0.0,0.0,left,1,0,,,,1.1344299974040184,0.5399304087499833,0.03836134219266797,,,,,00-0034845,S.Michel,False,True
117,2018101412,NE,KC,0.0,0.0,1,13:13:00,47.0,1.0,10,pass,0,0.0,1.0,0.0,0.0,0.0,0.0,0.0,0.0,0.0,0.0,0.0,0.0,,1,0,left,21.0,,-0.5806237407159496,0.5782917509426513,-0.01861969845853273,00-0019596,T.Brady,00-0029664,J.Gordon,,,False,False
139,2018101412,NE,KC,0.0,0.0,1,13:10:00,47.0,2.0,10,run,7,1.0,0.0,0.0,0.0,0.0,0.0,0.0,0.0,0.0,0.0,0.0,0.0,left,0,0,,,,0.2200524092248095,0.5596720524841186,0.008720804747732291,,,,,00-0034845,S.Michel,False,False
160,2018101412,NE,KC,0.0,0.0,1,12:35:00,40.0,3.0,3,pass,0,0.0,1.0,0.0,0.0,0.0,0.0,0.0,0.0,0.0,0.0,0.0,0.0,,1,0,middle,10.0,,-1.739839728739757,0.5683928572318508,-0.05331036585155824,00-0019596,T.Brady,00-0027656,R.Gronkowski,,,False,False
182,2018101412,NE,KC,0.0,0.0,1,12:31:00,40.0,4.0,3,pass,0,0.0,1.0,0.0,0.0,0.0,0.0,0.0,0.0,0.0,0.0,0.0,0.0,,1,0,left,9.0,,-3.3429066377129444,0.5150824913802926,-0.06783872400710089,00-0019596,T.Brady,00-0029664,J.Gordon,,,False,False
204,2018101412,KC,NE,0.0,0.0,1,12:31:00,59.0,1.0,10,run,4,1.0,0.0,0.0,0.0,0.0,0.0,0.0,0.0,0.0,0.0,0.0,0.0,right,1,0,,,,-0.08564484005959949,0.5527562326268083,-0.0012720449542925616,,,,,00-0033923,K.Hunt,False,False
229,2018101412,KC,NE,0.0,0.0,1,11:56:00,55.0,2.0,6,pass,17,0.0,1.0,1.0,0.0,0.0,0.0,0.0,0.0,0.0,0.0,0.0,0.0,,1,0,middle,6.0,11.0,1.4808627750481635,0.5514841876725157,0.04931081411596083,00-0033873,P.Mahomes,00-0030506,T.Kelce,,,False,True
253,2018101412,KC,NE,0.0,0.0,1,11:19:00,38.0,1.0,10,pass,9,0.0,1.0,1.0,0.0,0.0,0.0,0.0,0.0,0.0,0.0,0.0,0.0,,1,0,left,0.0,9.0,0.683235420835953,0.6007950017884766,0.024372364682184844,00-0033873,P.Mahomes,00-0030506,T.Kelce,,,False,False
277,2018101412,KC,NE,0.0,0.0,1,10:45:00,29.0,2.0,1,run,3,1.0,0.0,0.0,0.0,0.0,0.0,0.0,0.0,0.0,0.0,0.0,0.0,left,1,0,,,,-0.15297106696471194,0.6251673664706614,-0.004156743891357451,,,,,00-0033923,K.Hunt,False,True
298,2018101412,KC,NE,0.0,0.0,1,10:03:00,26.0,1.0,10,pass,0,0.0,1.0,0.0,0.0,0.0,0.0,0.0,0.0,0.0,0.0,0.0,0.0,,1,0,right,19.0,,-0.4512248899882962,0.621010622579304,-0.015291340604688175,00-0033873,P.Mahomes,00-0033923,K.Hunt,,,False,False
320,2018101412,KC,NE,0.0,0.0,1,09:58:00,26.0,2.0,10,pass,2,0.0,1.0,1.0,0.0,0.0,0.0,0.0,0.0,0.0,0.0,0.0,0.0,,1,0,left,2.0,0.0,-0.5944543069718775,0.6057192819746158,-0.018558037028038155,00-0033873,P.Mahomes,00-0033040,T.Hill,,,False,False
350,2018101412,KC,NE,0.0,0.0,1,09:14:00,24.0,3.0,8,pass,0,0.0,1.0,0.0,0.0,0.0,0.0,0.0,0.0,0.0,0.0,0.0,0.0,,1,0,left,24.0,,-1.0706424906987435,0.5871612449465776,-0.03402882595597978,00-0033873,P.Mahomes,00-0033040,T.Hill,,,False,False
372,2018101412,KC,NE,0.0,0.0,1,09:09:00,24.0,4.0,8,field_goal,0,0.0,0.0,0.0,0.0,0.0,0.0,0.0,0.0,0.0,0.0,1.0,0.0,,0,0,,,,0.8986184995283281,0.5531324189905978,0.018746696674099228,,,,,,,False,False
439,2018101412,NE,KC,0.0,3.0,1,09:02:00,70.0,1.0,10,pass,10,0.0,1.0,1.0,0.0,0.0,0.0,0.0,0.0,0.0,0.0,0.0,0.0,,0,0,left,10.0,0.0,0.877274196871928,0.4427741041820801,0.027472286720330308,00-0019596,T.Brady,00-0028237,C.Hogan,,,False,True
463,2018101412,NE,KC,0.0,3.0,1,08:26:00,60.0,1.0,10,run,8,1.0,0.0,0.0,0.0,0.0,0.0,0.0,0.0,0.0,0.0,0.0,0.0,right,0,0,,,,0.7137972438334041,0.4702463909024104,0.02205913725960951,,,,,00-0034845,S.Michel,False,False
484,2018101412,NE,KC,0.0,3.0,1,07:54:00,52.0,2.0,2,run,3,1.0,0.0,0.0,0.0,0.0,0.0,0.0,0.0,0.0,0.0,0.0,0.0,left,0,0,,,,0.10398567713715456,0.4923055281620199,0.004030847575080709,,,,,00-0030578,C.Patterson,False,True
505,2018101412,NE,KC,0.0,3.0,1,07:21:00,49.0,1.0,10,run,12,1.0,0.0,0.0,0.0,0.0,0.0,0.0,0.0,0.0,0.0,0.0,0.0,middle,0,0,,,,0.6890383829034148,0.4963363757371006,0.021067322011265543,,,,,00-0034845,S.Michel,False,True
526,2018101412,NE,KC,0.0,3.0,1,06:44:00,37.0,1.0,10,run,0,1.0,0.0,0.0,0.0,0.0,0.0,0.0,0.0,0.0,0.0,0.0,0.0,left,0,0,,,,-0.4973042110300492,0.5174036977483661,-0.014418412658273594,,,,,00-0034845,S.Michel,False,False
547,2018101412,NE,KC,0.0,3.0,1,06:03:00,37.0,2.0,10,pass,0,0.0,1.0,0.0,0.0,0.0,0.0,0.0,0.0,0.0,0.0,0.0,0.0,,0,0,left,2.0,,-0.8203896830921606,0.5029852850900925,-0.02421091831874156,00-0019596,T.Brady,00-0034845,S.Michel,,,False,False
569,2018101412,NE,KC,0.0,3.0,1,05:58:00,37.0,3.0,10,pass,7,0.0,1.0,1.0,0.0,0.0,0.0,0.0,0.0,0.0,0.0,0.0,0.0,,1,0,left,5.0,2.0,-0.8834076255863224,0.4787743667713511,-0.02720254596668204,00-0019596,T.Brady,00-0028237,C.Hogan,,,False,False
593,2018101412,NE,KC,0.0,3.0,1,05:22:00,30.0,4.0,3,field_goal,0,0.0,0.0,0.0,0.0,0.0,0.0,0.0,0.0,0.0,0.0,1.0,0.0,,0,0,,,,1.4269551312662228,0.451571820804669,0.025551863120384814,,,,,,,False,False
636,2018101412,KC,NE,3.0,3.0,1,05:12:00,77.0,1.0,10,pass,0,0.0,1.0,0.0,0.0,1.0,0.0,0.0,0.0,0.0,0.0,0.0,0.0,,1,0,middle,8.0,,-6.65148366249017,0.5170383051588632,-0.20059270651939454,00-0033873,P.Mahomes,00-0030506,T.Kelce,,,True,False
662,2018101412,NE,KC,3.0,3.0,1,05:01:00,4.0,1.0,4,run,4,1.0,0.0,0.0,1.0,0.0,0.0,0.0,0.0,0.0,0.0,0.0,0.0,middle,0,0,,,,1.1353987264720669,0.6835544013605314,0.03617400395101289,,,,,00-0034845,S.Michel,False,False
717,2018101412,KC,NE,3.0,10.0,1,04:51:00,55.0,1.0,10,pass,25,0.0,1.0,1.0,0.0,0.0,0.0,0.0,0.0,0.0,0.0,0.0,0.0,,0,0,right,-3.0,28.0,1.4059850760367762,0.35689113258428834,0.044677609523230084,00-0033873,P.Mahomes,00-0033923,K.Hunt,,,False,True
741,2018101412,KC,NE,3.0,10.0,1,04:13:00,30.0,1.0,10,run,6,1.0,0.0,0.0,0.0,0.0,0.0,0.0,0.0,0.0,0.0,0.0,0.0,middle,1,0,,,,0.056486962421629976,0.4015687421075184,-0.0009753550497222928,,,,,00-0033923,K.Hunt,False,False
762,2018101412,KC,NE,3.0,10.0,1,03:36:00,24.0,2.0,4,pass,0,0.0,1.0,0.0,0.0,0.0,0.0,0.0,0.0,0.0,0.0,0.0,0.0,,1,0,right,0.0,,-0.6819434819639172,0.4005933870577961,-0.02264685642487485,00-0033873,P.Mahomes,00-0033040,T.Hill,,,False,False
784,2018101412,KC,NE,3.0,10.0,1,03:33:00,24.0,3.0,4,pass,0,0.0,1.0,0.0,0.0,0.0,0.0,0.0,0.0,0.0,0.0,0.0,0.0,,1,0,left,15.0,,-1.383352248716462,0.3779465306329213,-0.04686522261499882,00-0033873,P.Mahomes,00-0030506,T.Kelce,,,False,False
806,2018101412,KC,NE,3.0,10.0,1,03:29:00,24.0,4.0,4,field_goal,0,0.0,0.0,0.0,0.0,0.0,0.0,0.0,0.0,0.0,0.0,1.0,0.0,,0,0,,,,0.9126926662534328,0.3310813080179225,0.02104125180571992,,,,,,,False,False
840,2018101412,NE,KC,10.0,6.0,1,03:25:00,75.0,1.0,10,run,4,1.0,0.0,0.0,0.0,0.0,0.0,0.0,0.0,0.0,0.0,0.0,0.0,middle,1,0,,,,-0.09722490477832356,0.6478774401763576,-0.006093570249519398,,,,,00-0030465,K.Barner,False,False
861,2018101412,NE,KC,10.0,6.0,1,02:51:00,71.0,2.0,6,pass,16,0.0,1.0,1.0,0.0,0.0,0.0,0.0,0.0,0.0,0.0,0.0,0.0,,1,0,middle,9.0,7.0,1.7984045793509202,0.6417838699268382,0.06060094847504537,00-0019596,T.Brady,00-0027656,R.Gronkowski,,,False,True
885,2018101412,NE,KC,10.0,6.0,1,02:14:00,55.0,1.0,10,run,10,1.0,0.0,0.0,0.0,0.0,0.0,0.0,0.0,0.0,0.0,0.0,0.0,left,0,0,,,,0.6579667411013812,0.7023848184018836,0.02000815200025885,,,,,00-0030465,K.Barner,False,True
906,2018101412,NE,KC,10.0,6.0,1,01:40:00,45.0,1.0,10,run,2,1.0,0.0,0.0,0.0,0.0,0.0,0.0,0.0,0.0,0.0,0.0,0.0,right,0,0,,,,-0.3308324125590487,0.7223929704021425,-0.013189278978939293,,,,,00-0030465,K.Barner,False,False
927,2018101412,NE,KC,10.0,6.0,1,01:02:00,43.0,2.0,8,pass,14,0.0,1.0,1.0,0.0,0.0,0.0,0.0,0.0,0.0,0.0,0.0,0.0,,0,0,middle,14.0,0.0,1.1026240502660842,0.7092036914232032,0.03456286299025957,00-0019596,T.Brady,00-0027150,J.Edelman,,,False,True
951,2018101412,NE,KC,10.0,6.0,1,00:25:00,29.0,1.0,10,run,8,1.0,0.0,0.0,0.0,0.0,0.0,0.0,0.0,0.0,0.0,0.0,0.0,middle,1,0,,,,0.2990738026640063,0.7437665544134627,0.00852949736939268,,,,,00-0034845,S.Michel,False,False
972,2018101412,,,,,1,00:00:00,,,0,,0,,,,,,,,,,,,,,0,0,,,,,,0.0,,,,,,,False,False
989,2018101412,NE,KC,10.0,6.0,2,15:00:00,21.0,2.0,2,run,4,1.0,0.0,0.0,0.0,0.0,0.0,0.0,0.0,0.0,0.0,0.0,0.0,right,0,0,,,,0.08766532240778524,0.7522960517828554,0.0021069292251567613,,,,,00-0034845,S.Michel,False,True
1010,2018101412,NE,KC,10.0,6.0,2,14:25:00,17.0,1.0,10,pass,-6,0.0,1.0,0.0,0.0,0.0,0.0,1.0,0.0,0.0,1.0,0.0,0.0,,1,0,,,,-0.7569332502962878,0.7544029810080122,-0.02379524205268391,00-0019596,T.Brady,,,,,False,False
1039,2018101412,NE,KC,10.0,6.0,2,13:42:00,23.0,2.0,16,pass,6,0.0,1.0,1.0,0.0,0.0,0.0,0.0,0.0,0.0,0.0,0.0,0.0,,0,0,right,1.0,5.0,-0.41553134521971824,0.7306077389553283,-0.01313964726131045,00-0019596,T.Brady,00-0029664,J.Gordon,,,False,False
1063,2018101412,NE,KC,10.0,6.0,2,12:58:00,17.0,3.0,10,pass,17,0.0,1.0,1.0,1.0,0.0,0.0,0.0,0.0,0.0,0.0,0.0,0.0,,1,0,left,17.0,0.0,3.65291757566769,0.7174680916940178,0.10032821721286644,00-0019596,T.Brady,00-0027150,J.Edelman,,,False,False
1114,2018101412,KC,NE,6.0,17.0,2,12:52:00,75.0,1.0,10,pass,19,0.0,1.0,1.0,0.0,0.0,0.0,0.0,0.0,0.0,0.0,0.0,0.0,,1,0,right,17.0,2.0,1.549608877654251,0.17277472773942726,0.0368230524274214,00-0033873,P.Mahomes,00-0032128,C.Conley,,,False,True
1138,2018101412,KC,NE,6.0,17.0,2,12:11:00,56.0,1.0,10,run,1,1.0,0.0,0.0,0.0,0.0,0.0,0.0,0.0,0.0,0.0,0.0,0.0,right,1,0,,,,-0.4974917029241119,0.20959778016684866,-0.01132238462142715,,,,,00-0030874,Dam. Williams,False,False
1159,2018101412,KC,NE,6.0,17.0,2,11:24:00,55.0,2.0,9,pass,6,0.0,1.0,1.0,0.0,0.0,0.0,0.0,0.0,0.0,0.0,0.0,0.0,,1,0,left,-3.0,9.0,0.15634247239970422,0.1982753955454215,0.005140766826294163,00-0033873,P.Mahomes,00-0033923,K.Hunt,,,False,False
1183,2018101412,KC,NE,6.0,17.0,2,10:49:00,49.0,3.0,3,pass,7,0.0,1.0,1.0,0.0,0.0,0.0,0.0,0.0,0.0,0.0,0.0,0.0,,1,0,right,-6.0,13.0,1.1682507360841776,0.20341616237171567,0.033464415286810545,00-0033873,P.Mahomes,00-0033923,K.Hunt,,,False,True
1230,2018101412,KC,NE,6.0,17.0,2,09:49:00,47.0,1.0,15,run,22,1.0,0.0,0.0,0.0,0.0,0.0,0.0,0.0,0.0,0.0,0.0,0.0,right,1,0,,,,1.2436446386499629,0.22398072309847908,0.03867251454301976,,,,,00-0033923,K.Hunt,False,True
1256,2018101412,KC,NE,6.0,17.0,2,09:15:00,25.0,1.0,10,run,1,1.0,0.0,0.0,0.0,0.0,0.0,0.0,0.0,0.0,0.0,0.0,0.0,middle,1,0,,,,-0.3949377823968758,0.26265323764149884,-0.009500298639976644,,,,,00-0030414,S.Ware,False,False
1277,2018101412,KC,NE,6.0,17.0,2,08:32:00,24.0,2.0,9,pass,17,0.0,1.0,1.0,0.0,0.0,0.0,0.0,0.0,0.0,0.0,0.0,0.0,,1,0,left,2.0,15.0,1.5757509303852304,0.2531529390015222,0.05330324268464115,00-0033873,P.Mahomes,00-0030506,T.Kelce,,,False,True
1301,2018101412,KC,NE,6.0,17.0,2,07:51:00,7.0,1.0,7,run,3,1.0,0.0,0.0,0.0,0.0,0.0,0.0,0.0,0.0,0.0,0.0,0.0,middle,1,0,,,,-0.0249879102059678,0.3064561816861633,0.0008278720137366857,,,,,00-0033923,K.Hunt,False,False
1322,2018101412,KC,NE,6.0,17.0,2,07:15:00,4.0,2.0,4,pass,-2,0.0,1.0,1.0,0.0,0.0,0.0,0.0,0.0,0.0,0.0,0.0,0.0,,0,0,middle,-2.0,0.0,-1.0628022248402438,0.30728405369990003,-0.03415264473150713,00-0033873,P.Mahomes,00-0028074,A.Sherman,,,False,False
1350,2018101412,KC,NE,6.0,17.0,2,06:30:00,6.0,3.0,6,pass,0,0.0,1.0,0.0,0.0,0.0,0.0,0.0,0.0,1.0,0.0,0.0,0.0,,1,0,right,6.0,,-1.3266544035499377,0.2731314089683929,-0.04032597159217026,00-0033873,P.Mahomes,00-0031325,S.Watkins,,,False,False
1372,2018101412,KC,NE,6.0,17.0,2,06:24:00,6.0,4.0,6,field_goal,0,0.0,0.0,0.0,0.0,0.0,0.0,0.0,0.0,0.0,0.0,1.0,0.0,,0,0,,,,0.07696744222859442,0.2328054373762226,-0.01905555027637451,,,,,,,False,False
1407,2018101412,NE,KC,17.0,9.0,2,06:21:00,75.0,1.0,10,pass,17,0.0,1.0,1.0,0.0,0.0,0.0,0.0,0.0,0.0,0.0,0.0,0.0,,0,0,left,-2.0,19.0,1.1606235540797716,0.7862501129001519,0.02996526784436415,00-0019596,T.Brady,00-0031062,J.White,,,False,True
1431,2018101412,NE,KC,17.0,9.0,2,05:43:00,58.0,1.0,10,run,5,1.0,0.0,0.0,0.0,0.0,0.0,0.0,0.0,0.0,0.0,0.0,0.0,middle,0,0,,,,-0.009174456995411528,0.8162153807445159,-0.0002516471924153274,,,,,00-0031062,J.White,False,False
1452,2018101412,NE,KC,17.0,9.0,2,04:58:00,53.0,2.0,5,pass,13,0.0,1.0,1.0,0.0,0.0,0.0,0.0,0.0,0.0,0.0,0.0,0.0,,1,0,right,-4.0,17.0,0.9688956691490116,0.8159637335521007,0.020944677351556584,00-0019596,T.Brady,00-0030578,C.Patterson,,,False,True
1481,2018101412,NE,KC,17.0,9.0,2,04:19:00,40.0,1.0,10,pass,2,0.0,1.0,1.0,0.0,0.0,0.0,0.0,0.0,0.0,0.0,0.0,0.0,,1,0,right,0.0,2.0,-0.37135115724970014,0.8369084109036573,-0.017532038403312744,00-0019596,T.Brady,00-0027150,J.Edelman,,,False,True
1559,2018101412,NE,KC,17.0,9.0,2,03:27:00,1.0,1.0,1,pass,-1,0.0,1.0,1.0,0.0,0.0,0.0,0.0,0.0,0.0,0.0,0.0,0.0,,0,0,right,-1.0,0.0,-0.7851361871594138,0.8848700058305359,-0.011904355380362051,00-0019596,T.Brady,00-0027925,J.Develin,,,False,False
1606,2018101412,NE,KC,17.0,9.0,2,02:39:00,1.0,2.0,1,run,0,1.0,0.0,0.0,0.0,0.0,0.0,0.0,0.0,0.0,0.0,0.0,0.0,middle,0,0,,,,-0.5966870187657111,0.8781192236932193,-0.009157255752547444,,,,,00-0034845,S.Michel,False,False
1627,2018101412,,,,,2,02:00:00,,,0,,0,,,,,,,,,,,,,,0,0,,,,,,0.0,,,,,,,False,False
1644,2018101412,NE,KC,17.0,9.0,2,02:00:00,1.0,3.0,1,run,1,1.0,0.0,0.0,1.0,0.0,0.0,0.0,0.0,0.0,0.0,0.0,0.0,right,0,0,,,,1.7642652612500056,0.8689619679406718,0.03625535570425276,,,,,00-0034845,S.Michel,False,False
1692,2018101412,KC,NE,9.0,24.0,2,01:57:00,75.0,1.0,10,pass,0,0.0,1.0,0.0,0.0,0.0,0.0,0.0,0.0,0.0,0.0,0.0,0.0,,1,0,middle,7.0,,-0.24182198893722595,0.11174875457543487,-0.0032397317409712523,00-0033873,P.Mahomes,00-0030414,S.Ware,,,False,False
1714,2018101412,KC,NE,9.0,24.0,2,01:54:00,75.0,2.0,10,pass,10,0.0,1.0,1.0,0.0,0.0,0.0,0.0,0.0,0.0,0.0,0.0,0.0,,1,0,left,9.0,1.0,0.5792340102205771,0.10850902283446363,0.0074072184779992575,00-0033873,P.Mahomes,00-0030506,T.Kelce,,,False,True
1773,2018101412,KC,NE,9.0,24.0,2,01:21:00,75.0,1.0,20,pass,5,0.0,1.0,1.0,0.0,0.0,0.0,0.0,0.0,0.0,0.0,0.0,0.0,,1,0,left,-7.0,12.0,-0.054490411119600964,0.10911337739851287,-0.001017894051154267,00-0033873,P.Mahomes,00-0030414,S.Ware,,,False,False
1797,2018101412,KC,NE,9.0,24.0,2,00:54:00,70.0,2.0,15,pass,0,0.0,1.0,0.0,0.0,0.0,0.0,0.0,0.0,0.0,0.0,0.0,0.0,,1,1,right,8.0,,-0.2882304723796562,0.10809548334735862,-0.003762064571377953,00-0033873,P.Mahomes,00-0033040,T.Hill,,,False,False
1819,2018101412,KC,NE,9.0,24.0,2,00:51:00,70.0,3.0,15,pass,27,0.0,1.0,1.0,0.0,0.0,0.0,0.0,0.0,0.0,0.0,0.0,0.0,,1,0,left,27.0,0.0,1.67297165966098,0.10433341877598068,0.024731455291550342,00-0033873,P.Mahomes,00-0033040,T.Hill,,,False,True
1860,2018101412,KC,NE,9.0,24.0,2,00:40:00,43.0,1.0,10,run,6,1.0,0.0,0.0,0.0,0.0,0.0,0.0,0.0,0.0,0.0,0.0,0.0,left,1,0,,,,0.11402986102558099,0.12906487406753098,0.0016408265352832465,,,,,00-0033873,P.Mahomes,False,False
1881,2018101412,KC,NE,9.0,24.0,2,00:31:00,37.0,2.0,4,pass,8,0.0,1.0,1.0,0.0,0.0,0.0,0.0,0.0,0.0,0.0,0.0,0.0,,1,0,right,8.0,0.0,0.4606400323756685,0.13070570060281425,0.009117636429146814,00-0033873,P.Mahomes,00-0030506,T.Kelce,,,False,True
1922,2018101412,KC,NE,9.0,24.0,2,00:22:00,29.0,1.0,10,pass,14,0.0,1.0,1.0,0.0,0.0,0.0,0.0,0.0,0.0,0.0,0.0,0.0,,1,0,right,15.0,-1.0,0.5731407230010608,0.13982333703196104,0.009720981738755323,00-0033873,P.Mahomes,00-0033040,T.Hill,,,False,True
1946,2018101412,KC,NE,9.0,24.0,2,00:17:00,15.0,1.0,10,pass,0,0.0,1.0,0.0,0.0,1.0,0.0,0.0,0.0,1.0,0.0,0.0,0.0,,1,0,right,15.0,,-3.2272840004129852,0.1495443187707164,-0.05410060679451745,00-0033873,P.Mahomes,00-0030506,T.Kelce,,,True,False
1968,2018101412,NE,KC,24.0,9.0,2,00:04:00,80.0,1.0,10,qb_kneel,-1,1.0,0.0,0.0,0.0,0.0,0.0,0.0,0.0,0.0,0.0,0.0,0.0,,0,0,,,,-0.8149984757122131,0.9045562880238012,-0.0118305060855185,,,,,00-0019596,T.Brady,False,False
1989,2018101412,,,,,2,00:00:00,,,0,,0,,,,,,,,,,,,,,0,0,,,,,,0.0,,,,,,,False,False
2030,2018101412,KC,NE,9.0,24.0,3,14:56:00,75.0,1.0,10,run,4,1.0,0.0,0.0,0.0,0.0,0.0,0.0,0.0,0.0,0.0,0.0,0.0,middle,1,0,,,,-0.09793672658345054,0.10719721515906447,-0.002076748818890764,,,,,00-0033923,K.Hunt,False,False
2051,2018101412,KC,NE,9.0,24.0,3,14:21:00,71.0,2.0,6,run,4,1.0,0.0,0.0,0.0,0.0,0.0,0.0,0.0,0.0,0.0,0.0,0.0,middle,1,0,,,,0.167618118695412,0.1051204663401737,0.0011734632682443846,,,,,00-0033923,K.Hunt,False,False
2072,2018101412,KC,NE,9.0,24.0,3,13:39:00,67.0,3.0,2,pass,67,0.0,1.0,1.0,1.0,0.0,0.0,0.0,0.0,0.0,0.0,0.0,0.0,,1,0,right,31.0,36.0,6.114133578321477,0.10629392960841808,0.11687012433512367,00-0033873,P.Mahomes,00-0033923,K.Hunt,,,False,False
2130,2018101412,NE,KC,24.0,16.0,3,13:20:00,70.0,1.0,10,pass,4,0.0,1.0,1.0,0.0,0.0,0.0,0.0,0.0,0.0,0.0,0.0,0.0,,0,0,left,1.0,3.0,-0.09329518214351618,0.7992328514412601,-0.0025461975824275784,00-0019596,T.Brady,00-0027925,J.Develin,,,False,False
2154,2018101412,NE,KC,24.0,16.0,3,12:48:00,66.0,2.0,6,run,4,1.0,0.0,0.0,0.0,0.0,0.0,0.0,0.0,0.0,0.0,0.0,0.0,left,1,0,,,,0.1447860185459795,0.7966866538588325,0.00382255270891263,,,,,00-0034845,S.Michel,False,False
2175,2018101412,NE,KC,24.0,16.0,3,12:10:00,62.0,3.0,2,run,10,1.0,0.0,0.0,0.0,0.0,0.0,0.0,0.0,0.0,0.0,0.0,0.0,middle,1,0,,,,1.4624887695350015,0.8005092065677452,0.034825598597920886,,,,,00-0031062,J.White,False,True
2196,2018101412,NE,KC,24.0,16.0,3,11:36:00,52.0,1.0,10,run,4,1.0,0.0,0.0,0.0,0.0,0.0,0.0,0.0,0.0,0.0,0.0,0.0,middle,0,0,,,,-0.0852849408036267,0.8353348051656659,-0.0015672372675339385,,,,,00-0034845,S.Michel,False,False
2217,2018101412,NE,KC,24.0,16.0,3,10:49:00,48.0,2.0,6,pass,11,0.0,1.0,1.0,0.0,0.0,0.0,0.0,0.0,0.0,0.0,0.0,0.0,,1,0,middle,8.0,3.0,1.00049101825519,0.8337675678981321,0.020535741481847114,00-0019596,T.Brady,00-0029664,J.Gordon,,,False,True
2241,2018101412,NE,KC,24.0,16.0,3,10:00:00,37.0,1.0,10,pass,9,0.0,1.0,1.0,0.0,0.0,0.0,0.0,0.0,0.0,0.0,0.0,0.0,,1,0,right,6.0,3.0,0.6621123511558844,0.8543033093799792,0.012174049907453743,00-0019596,T.Brady,00-0029664,J.Gordon,,,False,False
2265,2018101412,NE,KC,24.0,16.0,3,09:26:00,28.0,2.0,1,run,7,1.0,0.0,0.0,0.0,0.0,0.0,0.0,0.0,0.0,0.0,0.0,0.0,left,0,0,,,,-0.018712062974708843,0.8664773592874331,8.773543379458904e-05,,,,,00-0034845,S.Michel,False,True
2286,2018101412,NE,KC,24.0,16.0,3,08:49:00,21.0,1.0,10,run,15,1.0,0.0,0.0,0.0,0.0,0.0,0.0,0.0,0.0,0.0,0.0,0.0,middle,0,0,,,,1.1667482299070828,0.8665650947212276,0.01906109397176159,,,,,00-0034845,S.Michel,False,True
2313,2018101412,NE,KC,24.0,16.0,3,08:09:00,6.0,1.0,6,run,1,1.0,0.0,0.0,0.0,0.0,0.0,0.0,0.0,0.0,0.0,0.0,0.0,left,0,0,,,,-0.2939102707308079,0.8856261886929891,-0.003965387361348327,,,,,00-0034845,S.Michel,False,False
2334,2018101412,NE,KC,24.0,16.0,3,07:30:00,5.0,2.0,5,pass,0,0.0,1.0,0.0,0.0,0.0,0.0,0.0,0.0,0.0,0.0,0.0,0.0,,0,0,left,5.0,,-0.7357744996038749,0.8816608013316408,-0.011769783476243356,00-0019596,T.Brady,00-0027150,J.Edelman,,,False,False
2356,2018101412,NE,KC,24.0,16.0,3,07:25:00,5.0,3.0,5,pass,0,0.0,1.0,0.0,0.0,0.0,0.0,0.0,0.0,0.0,0.0,0.0,0.0,,1,0,right,5.0,,-1.5858135244724485,0.8698910178553975,-0.02988031378390765,00-0019596,T.Brady,00-0029664,J.Gordon,,,False,False
2378,2018101412,NE,KC,24.0,16.0,3,07:20:00,5.0,4.0,5,field_goal,0,0.0,0.0,0.0,0.0,0.0,0.0,0.0,0.0,0.0,0.0,1.0,0.0,,0,0,,,,0.05604063102072488,0.8400107040714898,-0.0025873964389829807,,,,,,,False,False
2419,2018101412,KC,NE,16.0,27.0,3,07:11:00,63.0,1.0,10,pass,0,0.0,1.0,0.0,0.0,0.0,0.0,0.0,0.0,0.0,0.0,0.0,0.0,,0,0,right,9.0,,-0.6973962306616772,0.18754052835503285,-0.01672288565816643,00-0033873,P.Mahomes,00-0031325,S.Watkins,,,False,False
2441,2018101412,KC,NE,16.0,27.0,3,07:07:00,63.0,2.0,10,pass,9,0.0,1.0,1.0,0.0,0.0,0.0,0.0,0.0,0.0,0.0,0.0,0.0,,1,0,middle,8.0,1.0,1.2093231315233712,0.17081764269686642,0.028502689737900464,00-0033873,P.Mahomes,00-0033040,T.Hill,,,False,False
2465,2018101412,KC,NE,16.0,27.0,3,06:32:00,54.0,3.0,1,run,0,1.0,0.0,0.0,0.0,0.0,0.0,0.0,0.0,0.0,0.0,0.0,0.0,right,0,0,,,,-2.2695302592271496,0.19932033243476688,-0.05248368066326467,,,,,00-0033040,T.Hill,False,False
2523,2018101412,KC,NE,16.0,27.0,3,06:14:00,54.0,4.0,1,run,3,1.0,0.0,0.0,0.0,0.0,0.0,0.0,0.0,0.0,0.0,0.0,0.0,right,1,0,,,,2.6883361276536446,0.1468366517715022,0.06195750588605047,,,,,00-0033873,P.Mahomes,False,True
2544,2018101412,KC,NE,16.0,27.0,3,05:42:00,51.0,1.0,10,run,31,1.0,0.0,0.0,0.0,0.0,0.0,0.0,0.0,0.0,0.0,0.0,0.0,middle,1,0,,,,1.4732034110652892,0.2087941576575527,0.0434911375479706,,,,,00-0033923,K.Hunt,False,True
2565,2018101412,KC,NE,16.0,27.0,3,05:11:00,20.0,1.0,10,run,4,1.0,0.0,0.0,0.0,0.0,0.0,0.0,0.0,0.0,0.0,0.0,0.0,middle,1,0,,,,-0.17019529207753692,0.2522852952055233,-0.0072475715473761795,,,,,00-0030414,S.Ware,False,False
2586,2018101412,KC,NE,16.0,27.0,3,04:31:00,16.0,2.0,6,pass,4,0.0,1.0,1.0,0.0,0.0,0.0,0.0,0.0,0.0,0.0,0.0,0.0,,1,0,left,1.0,3.0,-0.2705299796494565,0.2450377236581471,-0.010613287745688538,00-0033873,P.Mahomes,00-0030414,S.Ware,,,False,False
2610,2018101412,KC,NE,16.0,27.0,3,03:45:00,12.0,3.0,2,pass,0,0.0,1.0,0.0,0.0,0.0,0.0,0.0,0.0,0.0,0.0,0.0,0.0,,1,0,left,6.0,,-1.1685481752568498,0.2344244359124585,-0.03464497892488652,00-0033873,P.Mahomes,00-0030506,T.Kelce,,,False,False
2645,2018101412,KC,NE,16.0,27.0,3,03:40:00,12.0,4.0,2,field_goal,0,0.0,0.0,0.0,0.0,0.0,0.0,0.0,0.0,0.0,0.0,1.0,0.0,,0,0,,,,0.1700610678457415,0.19977945698757205,0.0051385309729469215,,,,,,,False,False
2679,2018101412,NE,KC,27.0,19.0,3,03:36:00,75.0,1.0,10,run,11,1.0,0.0,0.0,0.0,0.0,0.0,0.0,0.0,0.0,0.0,0.0,0.0,left,0,0,,,,0.9943735996791638,0.7950820120394809,0.02749746371764361,,,,,00-0031062,J.White,False,True
2700,2018101412,NE,KC,27.0,19.0,3,02:48:00,64.0,1.0,10,pass,0,0.0,1.0,0.0,0.0,0.0,0.0,0.0,0.0,0.0,0.0,0.0,0.0,,1,0,middle,29.0,,-0.6918209747634649,0.8225794757571246,-0.0178459608733611,00-0019596,T.Brady,00-0029664,J.Gordon,,,False,False
2722,2018101412,NE,KC,27.0,19.0,3,02:42:00,64.0,2.0,10,pass,0,0.0,1.0,0.0,0.0,0.0,0.0,0.0,0.0,0.0,0.0,0.0,0.0,,1,0,left,34.0,,-0.9852994566884286,0.8047335148837635,-0.028670889418150658,00-0019596,T.Brady,00-0031062,J.White,,,False,False
2755,2018101412,NE,KC,27.0,19.0,3,02:36:00,64.0,3.0,10,pass,-7,0.0,1.0,0.0,0.0,0.0,0.0,1.0,1.0,1.0,1.0,0.0,0.0,,1,0,,,,-4.454858099297613,0.7760626254656129,-0.11586755137300365,00-0019596,T.Brady,,,,,True,False
2784,2018101412,KC,NE,19.0,27.0,3,02:23:00,29.0,1.0,10,pass,0,0.0,1.0,0.0,0.0,0.0,0.0,0.0,0.0,0.0,0.0,0.0,0.0,,1,0,middle,6.0,,-0.4563646623664548,0.33980492590739075,-0.016707603614913302,00-0033873,P.Mahomes,00-0033040,T.Hill,,,False,False
2806,2018101412,KC,NE,19.0,27.0,3,02:20:00,29.0,2.0,10,pass,15,0.0,1.0,1.0,0.0,0.0,0.0,0.0,0.0,0.0,0.0,0.0,0.0,,1,0,right,4.0,11.0,0.923218476721714,0.32309732229247745,0.03228185309092557,00-0033873,P.Mahomes,00-0031325,S.Watkins,,,False,True
2830,2018101412,KC,NE,19.0,27.0,3,01:42:00,14.0,1.0,10,run,0,1.0,0.0,0.0,0.0,0.0,0.0,0.0,0.0,0.0,0.0,0.0,0.0,right,1,0,,,,-0.4182546089798862,0.3553791753834029,-0.016618922702342886,,,,,00-0033923,K.Hunt,False,False
2851,2018101412,KC,NE,19.0,27.0,3,01:03:00,14.0,2.0,10,pass,14,0.0,1.0,1.0,1.0,0.0,0.0,0.0,0.0,0.0,0.0,0.0,0.0,,1,0,right,14.0,0.0,2.81341567715576,0.3387602526810601,0.09844507776040964,00-0033873,P.Mahomes,00-0033040,T.Hill,,,False,False
2902,2018101412,NE,KC,27.0,26.0,3,00:56:00,75.0,1.0,10,run,1,1.0,0.0,0.0,0.0,0.0,0.0,0.0,0.0,0.0,0.0,0.0,0.0,middle,0,0,,,,-0.5809777830995753,0.5453002794111675,-0.020537720568920115,,,,,00-0034845,S.Michel,False,False
2923,2018101412,,,,,3,00:17:00,,2.0,9,,0,,,,,,,,,,,,,,1,0,,,,,,0.0,,,,,,,False,False
2956,2018101412,NE,KC,27.0,26.0,3,00:12:00,74.0,2.0,9,pass,21,0.0,1.0,1.0,0.0,0.0,0.0,0.0,0.0,0.0,0.0,0.0,0.0,,1,0,left,12.0,9.0,2.394271001593033,0.5247625588422474,0.09000550118760309,00-0019596,T.Brady,00-0027150,J.Edelman,,,False,False
2980,2018101412,,,,,3,00:00:00,,,0,,0,,,,,,,,,,,,,,0,0,,,,,,0.0,,,,,,,False,False
2997,2018101412,NE,KC,27.0,26.0,4,15:00:00,53.0,1.0,10,run,3,1.0,0.0,0.0,0.0,0.0,0.0,0.0,0.0,0.0,0.0,0.0,0.0,middle,1,0,,,,-0.2281696552654027,0.6147680600298505,-0.007931120816357717,,,,,00-0034845,S.Michel,False,False
3018,2018101412,NE,KC,27.0,26.0,4,14:26:00,50.0,2.0,7,run,12,1.0,0.0,0.0,0.0,0.0,0.0,0.0,0.0,0.0,0.0,0.0,0.0,right,1,0,,,,1.1071408438605133,0.6068369392134928,0.04575984362745655,,,,,00-0031062,J.White,False,True
3039,2018101412,NE,KC,27.0,26.0,4,13:42:00,38.0,1.0,10,run,0,1.0,0.0,0.0,0.0,0.0,0.0,0.0,0.0,0.0,0.0,0.0,0.0,right,1,0,,,,-0.5041978465771653,0.6525967828409494,-0.018381224965571263,,,,,00-0031062,J.White,False,False
3060,2018101412,NE,KC,27.0,26.0,4,13:02:00,38.0,2.0,10,pass,9,0.0,1.0,1.0,0.0,0.0,0.0,0.0,0.0,0.0,0.0,0.0,0.0,,1,0,right,-2.0,11.0,0.6097930269557534,0.6342155578753781,0.026621779786939026,00-0019596,T.Brady,00-0031062,J.White,,,False,False
3084,2018101412,NE,KC,27.0,26.0,4,12:28:00,29.0,3.0,1,run,4,1.0,0.0,0.0,0.0,0.0,0.0,0.0,0.0,0.0,0.0,0.0,0.0,right,0,0,,,,0.41346716814852025,0.6608373376623171,0.019165356326897642,,,,,00-0034845,S.Michel,False,True
3105,2018101412,NE,KC,27.0,26.0,4,11:53:00,25.0,1.0,10,run,2,1.0,0.0,0.0,0.0,0.0,0.0,0.0,0.0,0.0,0.0,0.0,0.0,middle,0,0,,,,-0.3100496428721673,0.6800026939892148,-0.009708058079448856,,,,,00-0034845,S.Michel,False,False
3130,2018101412,NE,KC,27.0,26.0,4,11:15:00,23.0,2.0,8,pass,2,0.0,1.0,1.0,0.0,0.0,0.0,0.0,0.0,0.0,0.0,0.0,0.0,,1,0,right,-2.0,4.0,-0.5695555668154992,0.6702946359097659,-0.019904163411468282,00-0019596,T.Brady,00-0031062,J.White,,,False,False
3154,2018101412,NE,KC,27.0,26.0,4,10:32:00,21.0,3.0,6,pass,0,0.0,1.0,0.0,0.0,0.0,0.0,0.0,0.0,0.0,0.0,0.0,0.0,,1,0,left,20.0,,-1.0362747866728248,0.6503904724982976,-0.042592718539701035,00-0019596,T.Brady,00-0031062,J.White,,,False,False
3176,2018101412,NE,KC,27.0,26.0,4,10:25:00,21.0,4.0,6,field_goal,0,0.0,0.0,0.0,0.0,0.0,0.0,0.0,0.0,0.0,0.0,1.0,0.0,,0,0,,,,0.6779357592477071,0.6077977539585966,0.03291146977606929,,,,,,,False,False
3221,2018101412,KC,NE,26.0,30.0,4,10:10:00,3.0,1.0,3,run,-1,1.0,0.0,0.0,0.0,0.0,0.0,0.0,0.0,0.0,0.0,0.0,0.0,right,0,0,,,,-0.6342255588508356,0.5551549414016804,-0.022618977492463214,,,,,00-0031325,S.Watkins,False,False
3242,2018101412,KC,NE,26.0,30.0,4,09:25:00,4.0,2.0,4,run,3,1.0,0.0,0.0,0.0,0.0,0.0,0.0,0.0,0.0,0.0,0.0,0.0,middle,1,0,,,,0.24958764157179125,0.5325359639092172,0.013146886691238646,,,,,00-0033923,K.Hunt,False,False
3263,2018101412,KC,NE,26.0,30.0,4,08:44:00,1.0,3.0,1,pass,1,0.0,1.0,1.0,1.0,0.0,0.0,0.0,0.0,0.0,0.0,0.0,0.0,,1,0,left,1.0,0.0,1.380071895118233,0.5456828506004558,0.05590325472272872,00-0033873,P.Mahomes,00-0033040,T.Hill,,,False,False
3314,2018101412,NE,KC,30.0,33.0,4,08:38:00,75.0,1.0,10,pass,9,0.0,1.0,1.0,0.0,0.0,0.0,0.0,0.0,0.0,0.0,0.0,0.0,,1,0,left,-5.0,14.0,1.034754884943102,0.3959588287498686,0.043211921054531865,00-0019596,T.Brady,00-0031062,J.White,,,False,False
3338,2018101412,NE,KC,30.0,33.0,4,08:01:00,66.0,2.0,1,run,0,1.0,0.0,0.0,0.0,0.0,0.0,0.0,0.0,0.0,0.0,0.0,0.0,middle,1,0,,,,-0.5630804934105451,0.4391707498044005,-0.02406949221839655,,,,,00-0034845,S.Michel,False,False
3359,2018101412,NE,KC,30.0,33.0,4,07:20:00,66.0,3.0,1,pass,42,0.0,1.0,1.0,0.0,0.0,0.0,0.0,0.0,0.0,0.0,0.0,0.0,,1,0,right,41.0,1.0,2.6236354386305516,0.4151012575860039,0.11612255438000575,00-0019596,T.Brady,00-0028237,C.Hogan,,,False,True
3394,2018101412,NE,KC,30.0,33.0,4,06:56:00,24.0,1.0,10,pass,19,0.0,1.0,1.0,0.0,0.0,0.0,0.0,0.0,0.0,0.0,0.0,0.0,,1,0,left,14.0,5.0,1.4918033094418446,0.5312238119660097,0.07363762177905131,00-0019596,T.Brady,00-0028237,C.Hogan,,,False,True
3418,2018101412,NE,KC,30.0,33.0,4,06:14:00,5.0,1.0,5,pass,0,0.0,1.0,0.0,0.0,0.0,0.0,0.0,0.0,0.0,0.0,0.0,0.0,,1,0,right,1.0,,-0.4430900401066058,0.604861433745061,-0.020090724847490526,00-0019596,T.Brady,00-0027150,J.Edelman,,,False,False
3440,2018101412,NE,KC,30.0,33.0,4,06:10:00,5.0,2.0,5,run,1,1.0,0.0,0.0,0.0,0.0,0.0,0.0,0.0,0.0,0.0,0.0,0.0,left,1,0,,,,-0.5996559942632853,0.5847707088975704,-0.02277571046303062,,,,,00-0031062,J.White,False,False
3461,2018101412,NE,KC,30.0,33.0,4,05:32:00,4.0,3.0,4,run,4,1.0,0.0,0.0,1.0,0.0,0.0,0.0,0.0,0.0,0.0,0.0,0.0,left,1,0,,,,2.4885600045938334,0.5619949984345398,0.11905542440659478,,,,,00-0019596,T.Brady,False,False
3520,2018101412,KC,NE,33.0,37.0,4,05:25:00,75.0,1.0,10,pass,0,0.0,1.0,1.0,0.0,0.0,0.0,0.0,0.0,0.0,0.0,0.0,0.0,,0,0,left,-3.0,3.0,-0.5163577985912184,0.33312454273754105,-0.031911883952989495,00-0033873,P.Mahomes,00-0033923,K.Hunt,,,False,False
3544,2018101412,KC,NE,33.0,37.0,4,04:48:00,75.0,2.0,10,pass,3,0.0,1.0,1.0,0.0,0.0,0.0,0.0,0.0,0.0,0.0,0.0,0.0,,1,0,left,3.0,0.0,-0.2950283859457388,0.3012126587845516,-0.02654301995966979,00-0033873,P.Mahomes,00-0031325,S.Watkins,,,False,False
3568,2018101412,KC,NE,33.0,37.0,4,04:05:00,72.0,3.0,7,pass,0,0.0,1.0,0.0,0.0,0.0,0.0,0.0,0.0,1.0,0.0,0.0,0.0,,1,0,middle,33.0,,-0.9334223987027621,0.27466963882488177,-0.047443035229973035,00-0033873,P.Mahomes,00-0033040,T.Hill,,,False,False
3590,2018101412,KC,NE,33.0,37.0,4,03:59:00,72.0,4.0,7,punt,0,0.0,0.0,0.0,0.0,0.0,0.0,0.0,0.0,0.0,0.0,0.0,1.0,,0,0,,,,0.4257027818245109,0.2272266035949088,0.030275616480047868,,,,,,,False,False
3609,2018101412,NE,KC,37.0,33.0,4,03:50:00,79.0,1.0,10,pass,42,0.0,1.0,1.0,0.0,0.0,0.0,0.0,0.0,0.0,0.0,0.0,0.0,,0,0,left,9.0,33.0,2.5702680271946545,0.7424977799250434,0.11258468103105901,00-0019596,T.Brady,00-0027656,R.Gronkowski,,,False,True
3633,2018101412,NE,KC,37.0,33.0,4,03:39:00,37.0,1.0,10,run,1,1.0,0.0,0.0,0.0,0.0,0.0,0.0,0.0,0.0,0.0,0.0,0.0,left,0,0,,,,-0.36829161782659225,0.8550824609561024,-0.00971876786914172,,,,,00-0034845,S.Michel,False,False
3671,2018101412,NE,KC,37.0,33.0,4,03:30:00,36.0,2.0,9,pass,4,0.0,1.0,1.0,0.0,0.0,0.0,0.0,0.0,0.0,0.0,0.0,0.0,,0,0,left,2.0,2.0,-0.2549272690249067,0.8453636930869607,-0.00827056410444671,00-0019596,T.Brady,00-0029664,J.Gordon,,,False,False
3716,2018101412,NE,KC,37.0,33.0,4,03:25:00,32.0,3.0,5,pass,0,0.0,1.0,0.0,0.0,0.0,0.0,0.0,0.0,0.0,0.0,0.0,0.0,,1,0,right,19.0,,-0.8843576982010821,0.837093128982514,-0.032499148460268364,00-0019596,T.Brady,00-0027150,J.Edelman,,,False,False
3738,2018101412,NE,KC,37.0,33.0,4,03:19:00,32.0,4.0,5,field_goal,0,0.0,0.0,0.0,0.0,0.0,0.0,0.0,0.0,0.0,0.0,1.0,0.0,,0,0,,,,1.4441224089520457,0.8045939805222456,0.035506278167044325,,,,,,,False,False
3776,2018101412,KC,NE,33.0,40.0,4,03:15:00,75.0,1.0,10,pass,75,0.0,1.0,1.0,1.0,0.0,0.0,0.0,0.0,0.0,0.0,0.0,0.0,,0,0,left,39.0,36.0,6.310799422268372,0.15989974131071005,0.3557048582655623,00-0033873,P.Mahomes,00-0033040,T.Hill,,,False,False
3827,2018101412,NE,KC,40.0,40.0,4,03:03:00,75.0,1.0,10,run,7,1.0,0.0,0.0,0.0,0.0,0.0,0.0,0.0,0.0,0.0,0.0,0.0,left,0,0,,,,0.2490113392180019,0.5355340121067034,0.029560753726188164,,,,,00-0027150,J.Edelman,False,False
3848,2018101412,NE,KC,40.0,40.0,4,02:20:00,68.0,2.0,3,run,2,1.0,0.0,0.0,0.0,0.0,0.0,0.0,0.0,0.0,0.0,0.0,0.0,middle,0,0,,,,0.037186877131035516,0.5650947658328915,0.011806771300394536,,,,,00-0034845,S.Michel,False,False
3869,2018101412,,,,,4,02:00:00,,,0,,0,,,,,,,,,,,,,,0,0,,,,,,0.0,,,,,,,False,False
3886,2018101412,NE,KC,40.0,40.0,4,02:00:00,66.0,3.0,1,run,2,1.0,0.0,0.0,0.0,0.0,0.0,0.0,0.0,0.0,0.0,0.0,0.0,left,0,0,,,,0.3337162514957659,0.5769015371332861,0.1280713107913688,,,,,00-0034845,S.Michel,False,True
3907,2018101412,NE,KC,40.0,40.0,4,01:29:00,64.0,1.0,10,pass,16,0.0,1.0,1.0,0.0,0.0,0.0,0.0,0.0,0.0,0.0,0.0,0.0,,1,0,left,-2.0,18.0,0.5932264696109717,0.7049728479246549,0.1153379163171836,00-0019596,T.Brady,00-0031062,J.White,,,False,True
3931,2018101412,NE,KC,40.0,40.0,4,00:51:00,48.0,1.0,10,pass,39,0.0,1.0,1.0,0.0,0.0,0.0,0.0,0.0,0.0,0.0,0.0,0.0,,1,0,right,28.0,11.0,2.1064029631949737,0.8203107642418385,0.16458659530037933,00-0019596,T.Brady,00-0027656,R.Gronkowski,,,False,True
3976,2018101412,NE,KC,40.0,40.0,4,00:17:00,9.0,1.0,9,run,-1,1.0,0.0,0.0,0.0,0.0,0.0,0.0,0.0,0.0,0.0,0.0,0.0,middle,0,0,,,,-1.1167897377824243,0.9848973595422178,-0.09604135312001603,,,,,00-0019596,T.Brady,False,False
4018,2018101412,NE,KC,40.0,40.0,4,00:03:00,10.0,2.0,10,field_goal,0,0.0,0.0,0.0,0.0,0.0,0.0,0.0,0.0,0.0,0.0,1.0,0.0,,0,0,,,,0.12176720742507464,0.8888560064222017,,,,,,,,False,False
51,2018111900,LA,KC,0.0,0.0,1,15:00:00,75.0,1.0,10,run,5,1.0,0.0,0.0,0.0,0.0,0.0,0.0,0.0,0.0,0.0,0.0,0.0,right,0,0,,,,0.09540424609745156,0.5000068217219346,0.004821983047615386,,,,,00-0032241,T.Gurley,False,True
112,2018111900,LA,KC,0.0,0.0,1,14:21:00,62.0,1.0,10,pass,6,0.0,1.0,1.0,0.0,0.0,0.0,0.0,0.0,0.0,0.0,0.0,0.0,,1,0,middle,6.0,0.0,0.270023251979548,0.5383578632164756,0.009617250955842982,00-0033106,J.Goff,00-0031236,B.Cooks,,,False,False
137,2018111900,LA,KC,0.0,0.0,1,14:00:00,56.0,2.0,4,pass,30,0.0,1.0,1.0,0.0,0.0,0.0,0.0,0.0,0.0,0.0,0.0,0.0,,1,1,right,8.0,22.0,1.906261846876235,0.5479751141723186,0.06457663132925351,00-0033106,J.Goff,00-0031236,B.Cooks,,,False,True
162,2018111900,LA,KC,0.0,0.0,1,13:31:00,26.0,1.0,10,pass,7,0.0,1.0,1.0,0.0,0.0,0.0,0.0,0.0,0.0,0.0,0.0,0.0,,0,0,right,1.0,6.0,0.1452698473664613,0.6125517455015721,0.006859927919608322,00-0033106,J.Goff,00-0032241,T.Gurley,,,False,False
199,2018111900,LA,KC,0.0,0.0,1,12:55:00,19.0,2.0,3,run,4,1.0,0.0,0.0,0.0,0.0,0.0,0.0,0.0,0.0,0.0,0.0,0.0,right,0,0,,,,0.2053557748504744,0.6194116734211804,0.00896524175047364,,,,,00-0032241,T.Gurley,False,True
267,2018111900,LA,KC,0.0,0.0,1,12:06:00,7.0,1.0,7,pass,7,0.0,1.0,1.0,1.0,0.0,0.0,0.0,0.0,0.0,0.0,0.0,0.0,,0,0,left,7.0,0.0,1.5791389456146143,0.6594395270484301,0.05238449932429845,00-0033106,J.Goff,00-0030431,R.Woods,,,False,False
338,2018111900,KC,LA,0.0,6.0,1,11:54:00,71.0,1.0,10,run,2,1.0,0.0,0.0,0.0,0.0,0.0,0.0,0.0,0.0,0.0,0.0,0.0,right,1,0,,,,-1.0962812561890247,0.3367978873054813,-0.035787776133450966,,,,,00-0033923,K.Hunt,False,True
371,2018111900,KC,LA,0.0,6.0,1,11:30:00,79.0,1.0,18,pass,4,0.0,1.0,1.0,0.0,0.0,0.0,0.0,0.0,0.0,0.0,0.0,0.0,,1,0,left,-1.0,5.0,-0.20807266976119945,0.3010101111720304,-0.005947238603386196,00-0033873,P.Mahomes,00-0031325,S.Watkins,,,False,False
396,2018111900,KC,LA,0.0,6.0,1,10:49:00,75.0,2.0,14,pass,11,0.0,1.0,1.0,0.0,0.0,0.0,0.0,0.0,0.0,0.0,0.0,0.0,,1,0,right,-1.0,12.0,1.0080773135478602,0.29506287256864416,0.02013550219749716,00-0033873,P.Mahomes,00-0032128,C.Conley,,,False,False
483,2018111900,KC,LA,0.0,6.0,1,10:13:00,69.0,3.0,8,pass,0,0.0,1.0,0.0,0.0,0.0,0.0,0.0,0.0,0.0,0.0,0.0,0.0,,1,0,right,34.0,,-1.6401408062509475,0.2793258091805198,-0.048748694510718255,00-0033873,P.Mahomes,00-0030506,T.Kelce,,,False,False
512,2018111900,KC,LA,0.0,6.0,1,10:07:00,69.0,4.0,8,punt,0,0.0,0.0,0.0,0.0,0.0,0.0,0.0,0.0,0.0,0.0,0.0,1.0,,0,0,,,,1.6787329013396817,0.23057711466980155,0.06941673734432266,,,,,,,False,False
538,2018111900,LA,KC,6.0,0.0,1,09:56:00,83.0,1.0,10,pass,5,0.0,1.0,1.0,0.0,0.0,0.0,0.0,0.0,0.0,0.0,0.0,0.0,,1,0,right,4.0,1.0,0.0884800575686846,0.7000061479858758,0.003701276570346468,00-0033106,J.Goff,00-0033110,T.Higbee,,,False,True
596,2018111900,LA,KC,6.0,0.0,1,09:21:00,73.0,1.0,10,pass,0,0.0,1.0,0.0,0.0,0.0,0.0,0.0,0.0,0.0,0.0,0.0,0.0,,0,0,middle,20.0,,-0.7591220628930435,0.7334443909920038,-0.02473036247478755,00-0033106,J.Goff,00-0031236,B.Cooks,,,False,False
618,2018111900,LA,KC,6.0,0.0,1,09:16:00,73.0,2.0,10,pass,14,0.0,1.0,1.0,0.0,0.0,0.0,0.0,0.0,0.0,0.0,0.0,0.0,,1,0,middle,14.0,0.0,2.0009536939047936,0.7087140285172162,0.06361758469401713,00-0033106,J.Goff,00-0033943,J.Reynolds,,,False,True
643,2018111900,LA,KC,6.0,0.0,1,08:33:00,59.0,1.0,10,pass,16,0.0,1.0,1.0,0.0,0.0,0.0,0.0,0.0,0.0,0.0,0.0,0.0,,1,0,right,4.0,12.0,1.0997494813099693,0.7723316132112333,0.029863281728931827,00-0033106,J.Goff,00-0033110,T.Higbee,,,False,True
679,2018111900,LA,KC,6.0,0.0,1,08:08:00,43.0,1.0,10,pass,25,0.0,1.0,1.0,0.0,0.0,0.0,0.0,0.0,0.0,0.0,0.0,0.0,,0,1,left,23.0,2.0,1.041222799359995,0.8021948949401652,0.024653716939138648,00-0033106,J.Goff,00-0030431,R.Woods,,,False,True
704,2018111900,LA,KC,6.0,0.0,1,07:37:00,18.0,1.0,10,run,-1,1.0,0.0,0.0,0.0,0.0,0.0,0.0,0.0,0.0,0.0,0.0,0.0,right,0,0,,,,-0.4820165954916629,0.8268486118793038,-0.009949836415228952,,,,,00-0032241,T.Gurley,False,False
738,2018111900,LA,KC,6.0,0.0,1,07:03:00,19.0,2.0,11,pass,0,0.0,1.0,0.0,0.0,0.0,0.0,0.0,0.0,1.0,0.0,0.0,0.0,,1,0,left,19.0,,-0.7555191647442792,0.8168987754640749,-0.01803037020615628,00-0033106,J.Goff,00-0030431,R.Woods,,,False,False
814,2018111900,LA,KC,6.0,0.0,1,06:57:00,14.0,3.0,6,pass,6,0.0,1.0,1.0,0.0,0.0,0.0,0.0,0.0,0.0,0.0,0.0,0.0,,1,0,right,4.0,2.0,1.7284869510812708,0.7971547245822622,0.03897661754562032,00-0033106,J.Goff,00-0031236,B.Cooks,,,False,True
862,2018111900,LA,KC,6.0,0.0,1,05:50:00,4.0,1.0,4,pass,0,0.0,1.0,0.0,0.0,0.0,0.0,0.0,0.0,0.0,0.0,0.0,0.0,,0,0,right,4.0,,-0.4402668575220456,0.8464612778381151,-0.008294049102399281,00-0033106,J.Goff,,,,,False,False
884,2018111900,LA,KC,6.0,0.0,1,05:43:00,4.0,2.0,4,pass,4,0.0,1.0,1.0,1.0,0.0,0.0,0.0,0.0,0.0,0.0,0.0,0.0,,1,0,right,4.0,0.0,1.5767145272372725,0.8381672287357158,0.026433698925075744,00-0033106,J.Goff,00-0033943,J.Reynolds,,,False,False
960,2018111900,KC,LA,0.0,13.0,1,05:30:00,75.0,1.0,10,pass,3,0.0,1.0,1.0,0.0,0.0,0.0,0.0,0.0,0.0,0.0,0.0,0.0,,1,0,right,-2.0,5.0,-0.2731954841889592,0.14885727852684028,-0.005279569060978012,00-0033873,P.Mahomes,00-0030506,T.Kelce,,,False,False
985,2018111900,KC,LA,0.0,13.0,1,04:54:00,72.0,2.0,7,run,27,1.0,0.0,0.0,0.0,0.0,0.0,0.0,0.0,0.0,0.0,0.0,0.0,middle,1,0,,,,2.6556304452069064,0.14357770946586226,0.0497639263899079,,,,,00-0033923,K.Hunt,False,True
1007,2018111900,KC,LA,0.0,13.0,1,04:16:00,45.0,1.0,10,pass,20,0.0,1.0,1.0,0.0,0.0,0.0,0.0,0.0,0.0,0.0,0.0,0.0,,0,0,left,17.0,3.0,0.9270727714089602,0.19334163585577016,0.02026361083893247,00-0033873,P.Mahomes,00-0033040,T.Hill,,,False,True
1032,2018111900,KC,LA,0.0,13.0,1,03:33:00,25.0,1.0,10,pass,25,0.0,1.0,1.0,1.0,0.0,0.0,0.0,0.0,0.0,0.0,0.0,0.0,,1,0,left,25.0,0.0,2.716586758947999,0.21360524669470266,0.07758330141509076,00-0033873,P.Mahomes,00-0033040,T.Hill,,,False,False
1097,2018111900,LA,KC,13.0,7.0,1,03:19:00,84.0,1.0,10,run,2,1.0,0.0,0.0,0.0,0.0,0.0,0.0,0.0,0.0,0.0,0.0,0.0,right,0,0,,,,-0.4472052992570332,0.6863490660872803,-0.018054687912752776,,,,,00-0031806,M.Brown,False,False
1119,2018111900,LA,KC,13.0,7.0,1,02:48:00,82.0,2.0,8,pass,15,0.0,1.0,1.0,0.0,0.0,0.0,0.0,0.0,0.0,0.0,0.0,0.0,,1,0,middle,13.0,2.0,2.049006400840179,0.6682943781745275,0.06812830286455329,00-0033106,J.Goff,00-0033943,J.Reynolds,,,False,True
1188,2018111900,LA,KC,13.0,7.0,1,02:16:00,30.0,1.0,10,pass,5,0.0,1.0,1.0,0.0,0.0,0.0,0.0,0.0,0.0,0.0,0.0,0.0,,1,0,left,4.0,1.0,-0.04568053463696842,0.8023272812365031,-0.0027757657067158928,00-0033106,J.Goff,00-0033110,T.Higbee,,,False,False
1213,2018111900,LA,KC,13.0,7.0,1,01:42:00,25.0,2.0,5,run,8,1.0,0.0,0.0,0.0,0.0,0.0,0.0,0.0,0.0,0.0,0.0,0.0,right,0,0,,,,0.4744815260731485,0.7995515155297872,0.010335188196848644,,,,,00-0031806,M.Brown,False,True
1235,2018111900,LA,KC,13.0,7.0,1,01:20:00,17.0,1.0,10,pass,11,0.0,1.0,1.0,0.0,0.0,0.0,0.0,0.0,0.0,0.0,0.0,0.0,,0,1,middle,6.0,5.0,1.0372836303955395,0.8098867037266358,0.021354977392780028,00-0033106,J.Goff,00-0033943,J.Reynolds,,,False,True
1260,2018111900,LA,KC,13.0,7.0,1,00:52:00,6.0,1.0,6,run,1,1.0,0.0,0.0,0.0,0.0,0.0,0.0,0.0,0.0,0.0,0.0,0.0,left,0,0,,,,-0.2946000281855907,0.8312416811194159,-0.007130498291354814,,,,,00-0031806,M.Brown,False,False
1282,2018111900,LA,KC,13.0,7.0,1,00:05:00,5.0,2.0,5,pass,0,0.0,1.0,0.0,0.0,0.0,0.0,0.0,0.0,0.0,0.0,0.0,0.0,,0,0,left,5.0,,-0.7335721715709411,0.8241111828280611,-0.01631267979122042,00-0033106,J.Goff,00-0033943,J.Reynolds,,,False,False
1317,2018111900,,,,,1,00:00:00,,,0,,0,,,,,,,,,,,,,,0,0,,,,,,0.0,,,,,,,False,False
1334,2018111900,LA,KC,13.0,7.0,2,15:00:00,5.0,3.0,5,pass,0,0.0,1.0,0.0,0.0,0.0,0.0,0.0,0.0,0.0,0.0,0.0,0.0,,1,0,left,5.0,,-1.5953839416337503,0.8077985030368406,-0.04146218831282345,00-0033106,J.Goff,00-0033895,G.Everett,,,False,False
1384,2018111900,LA,KC,13.0,7.0,2,14:58:00,5.0,4.0,5,field_goal,0,0.0,0.0,0.0,0.0,0.0,0.0,0.0,0.0,0.0,0.0,1.0,0.0,,0,0,,,,0.058855165463639565,0.7663363147240172,0.012430678792280549,,,,,,,False,False
1460,2018111900,KC,LA,7.0,16.0,2,14:54:00,75.0,1.0,10,run,3,1.0,0.0,0.0,0.0,0.0,0.0,0.0,0.0,0.0,0.0,0.0,0.0,right,1,0,,,,-0.2657413602840022,0.22123300648370225,-0.007955850702677403,,,,,00-0033923,K.Hunt,False,False
1482,2018111900,KC,LA,7.0,16.0,2,14:17:00,72.0,2.0,7,pass,5,0.0,1.0,1.0,0.0,0.0,0.0,0.0,0.0,0.0,0.0,0.0,0.0,,1,0,right,0.0,5.0,0.32706209347347115,0.21327715578102485,-0.002517055132593593,00-0033873,P.Mahomes,00-0033923,K.Hunt,,,False,False
1524,2018111900,KC,LA,7.0,16.0,2,13:34:00,67.0,3.0,2,pass,26,0.0,1.0,1.0,0.0,0.0,0.0,0.0,0.0,0.0,0.0,0.0,0.0,,1,0,right,20.0,6.0,2.4551724751294084,0.2107601006484313,0.07239236907510442,00-0033873,P.Mahomes,00-0033040,T.Hill,,,False,True
1549,2018111900,KC,LA,7.0,16.0,2,12:51:00,41.0,1.0,10,pass,0,0.0,1.0,0.0,0.0,0.0,0.0,0.0,0.0,0.0,0.0,0.0,0.0,,1,0,left,21.0,,-0.5120722393351951,0.2831524697235357,-0.016027537999208585,00-0033873,P.Mahomes,00-0030506,T.Kelce,,,False,False
1571,2018111900,KC,LA,7.0,16.0,2,12:45:00,41.0,2.0,10,pass,17,0.0,1.0,1.0,0.0,0.0,0.0,0.0,0.0,0.0,0.0,0.0,0.0,,1,0,left,17.0,0.0,1.2430712215314697,0.2671249317243271,0.040257380934885456,00-0033873,P.Mahomes,00-0033040,T.Hill,,,False,True
1602,2018111900,KC,LA,7.0,16.0,2,12:16:00,24.0,1.0,10,run,6,1.0,0.0,0.0,0.0,0.0,0.0,0.0,0.0,0.0,0.0,0.0,0.0,middle,1,0,,,,0.005188420951185435,0.30738231265921256,0.0014748782533235414,,,,,00-0033923,K.Hunt,False,False
1660,2018111900,KC,LA,7.0,16.0,2,11:11:00,28.0,2.0,14,pass,15,0.0,1.0,1.0,0.0,0.0,0.0,0.0,0.0,0.0,0.0,0.0,0.0,,1,0,right,16.0,-1.0,1.0138419159039875,0.2865706551548432,0.03469107876200195,00-0033873,P.Mahomes,00-0033923,K.Hunt,,,False,True
1735,2018111900,KC,LA,7.0,16.0,2,10:13:00,8.0,1.0,8,run,1,1.0,0.0,0.0,0.0,0.0,0.0,0.0,0.0,0.0,0.0,0.0,0.0,middle,1,0,,,,-0.30901841178888123,0.3462273015205409,-0.006790211090320797,,,,,00-0033923,K.Hunt,False,False
1766,2018111900,KC,LA,7.0,16.0,2,09:28:00,7.0,2.0,7,run,6,1.0,0.0,0.0,0.0,0.0,0.0,0.0,0.0,0.0,0.0,0.0,0.0,left,1,0,,,,0.6559605159386201,0.3394370904302201,0.024755006012464054,,,,,00-0033873,P.Mahomes,False,False
1788,2018111900,KC,LA,7.0,16.0,2,08:50:00,1.0,3.0,1,run,-1,1.0,0.0,0.0,0.0,0.0,0.0,0.0,0.0,0.0,0.0,0.0,0.0,left,1,0,,,,-2.6479460400782644,0.3641920964426842,-0.08506037585002513,,,,,00-0033923,K.Hunt,False,False
1816,2018111900,KC,LA,7.0,16.0,2,08:09:00,2.0,4.0,2,field_goal,0,0.0,0.0,0.0,0.0,0.0,0.0,0.0,0.0,0.0,0.0,1.0,0.0,,0,0,,,,0.02579543697532527,0.27913172059265906,-0.012260773425464,,,,,,,False,False
1850,2018111900,LA,KC,16.0,10.0,2,08:04:00,75.0,1.0,10,run,5,1.0,0.0,0.0,0.0,0.0,0.0,0.0,0.0,0.0,0.0,0.0,0.0,middle,0,0,,,,0.05614409329000192,0.7331290528328049,0.0038825093392013117,,,,,00-0032241,T.Gurley,False,False
1872,2018111900,LA,KC,16.0,10.0,2,07:31:00,70.0,2.0,5,pass,-8,0.0,1.0,0.0,0.0,0.0,0.0,0.0,0.0,1.0,1.0,0.0,0.0,,1,0,,,,-1.7162330411223297,0.7370115621720063,-0.05624543286496586,00-0033106,J.Goff,,,,,False,False
1892,2018111900,LA,KC,16.0,10.0,2,06:50:00,78.0,3.0,13,pass,-1,0.0,1.0,0.0,0.0,0.0,0.0,1.0,1.0,1.0,1.0,0.0,0.0,,1,0,,,,-3.4407505538094973,0.6807661293070404,-0.10228725775048277,00-0033106,J.Goff,,,,,True,False
1922,2018111900,KC,LA,10.0,16.0,2,06:37:00,21.0,1.0,10,pass,21,0.0,1.0,1.0,1.0,0.0,0.0,0.0,0.0,0.0,0.0,0.0,0.0,,0,0,right,-4.0,25.0,2.8474992836894693,0.4215211284434423,0.08538640817049731,00-0033873,P.Mahomes,00-0033923,K.Hunt,,,False,False
1998,2018111900,LA,KC,16.0,17.0,2,06:22:00,90.0,1.0,10,run,4,1.0,0.0,0.0,0.0,0.0,0.0,0.0,0.0,0.0,0.0,0.0,0.0,right,0,0,,,,-0.05950452480297307,0.4739174915365752,-0.001744719314438259,,,,,00-0032241,T.Gurley,False,False
2020,2018111900,LA,KC,16.0,17.0,2,05:39:00,86.0,2.0,6,pass,21,0.0,1.0,1.0,0.0,0.0,0.0,0.0,0.0,0.0,0.0,0.0,0.0,,1,0,middle,16.0,5.0,1.7118364297365594,0.472172772222137,0.0521399380414429,00-0033106,J.Goff,00-0031236,B.Cooks,,,False,True
2045,2018111900,LA,KC,16.0,17.0,2,05:13:00,65.0,1.0,10,pass,0,0.0,1.0,0.0,0.0,0.0,0.0,0.0,0.0,0.0,0.0,0.0,0.0,,0,1,left,37.0,,-0.5128110422495461,0.5243127102635798,-0.01576727508087994,00-0033106,J.Goff,00-0031236,B.Cooks,,,False,False
2067,2018111900,LA,KC,16.0,17.0,2,05:06:00,65.0,2.0,10,run,4,1.0,0.0,0.0,0.0,0.0,0.0,0.0,0.0,0.0,0.0,0.0,0.0,right,0,0,,,,-0.2356885265267837,0.5085454351826999,-0.0084419287752866,,,,,00-0032241,T.Gurley,False,False
2089,2018111900,LA,KC,16.0,17.0,2,04:25:00,61.0,3.0,6,pass,0,0.0,1.0,0.0,0.0,0.0,0.0,0.0,0.0,0.0,0.0,0.0,0.0,,1,0,middle,15.0,,-1.1489190443764778,0.5001035064074133,-0.035962370949155886,00-0033106,J.Goff,00-0030431,R.Woods,,,False,False
2111,2018111900,LA,KC,16.0,17.0,2,04:18:00,61.0,4.0,6,punt,0,0.0,0.0,0.0,0.0,0.0,0.0,0.0,0.0,0.0,0.0,0.0,1.0,,0,0,,,,0.8328153601314655,0.4641411354582574,0.0421801963236641,,,,,,,False,False
2148,2018111900,KC,LA,17.0,16.0,2,04:04:00,97.0,1.0,10,run,3,1.0,0.0,0.0,0.0,0.0,0.0,0.0,0.0,0.0,0.0,0.0,0.0,middle,0,0,,,,-0.11036286260626917,0.4936786682180784,-0.00460149838720081,,,,,00-0033923,K.Hunt,False,False
2170,2018111900,KC,LA,17.0,16.0,2,03:29:00,94.0,2.0,7,pass,6,0.0,1.0,1.0,0.0,0.0,0.0,0.0,0.0,0.0,0.0,0.0,0.0,,1,0,right,1.0,5.0,0.4707515045957672,0.4890771698308776,0.013866813495971242,00-0033873,P.Mahomes,00-0033040,T.Hill,,,False,False
2201,2018111900,KC,LA,17.0,16.0,2,03:08:00,88.0,3.0,1,pass,8,0.0,1.0,1.0,0.0,0.0,0.0,0.0,0.0,0.0,0.0,0.0,0.0,,1,0,left,-3.0,11.0,0.4588681469924596,0.5029439833268489,0.013560720439986462,00-0033873,P.Mahomes,00-0033040,T.Hill,,,False,True
2232,2018111900,KC,LA,17.0,16.0,2,02:34:00,80.0,1.0,10,run,2,1.0,0.0,0.0,0.0,0.0,0.0,0.0,0.0,0.0,0.0,0.0,0.0,left,1,0,,,,-0.22340837069865627,0.5165047037668353,-0.007475411521845721,,,,,00-0033923,K.Hunt,False,False
2254,2018111900,,,,,2,02:00:00,,,0,,0,,,,,,,,,,,,,,0,0,,,,,,0.0,,,,,,,False,False
2271,2018111900,KC,LA,17.0,16.0,2,02:00:00,78.0,2.0,8,pass,-11,0.0,1.0,0.0,1.0,0.0,0.0,1.0,1.0,1.0,1.0,0.0,0.0,,1,0,,,,-7.162033267051319,0.5090292922449896,-0.13934440751324698,00-0033873,P.Mahomes,,,,,True,False
2357,2018111900,KC,LA,17.0,22.0,2,01:43:00,69.0,1.0,10,pass,5,0.0,1.0,1.0,0.0,0.0,0.0,0.0,0.0,0.0,0.0,0.0,0.0,,1,0,left,-4.0,9.0,0.00536213173899891,0.3775452878813888,-4.0360400007599655e-05,00-0033873,P.Mahomes,00-0030506,T.Kelce,,,False,False
2382,2018111900,KC,LA,17.0,22.0,2,01:22:00,64.0,2.0,5,pass,8,0.0,1.0,1.0,0.0,0.0,0.0,0.0,0.0,0.0,0.0,0.0,0.0,,1,1,middle,5.0,3.0,0.4413352931571195,0.3775049274813812,0.015334224386348684,00-0033873,P.Mahomes,00-0030506,T.Kelce,,,False,True
2407,2018111900,KC,LA,17.0,22.0,2,01:04:00,56.0,1.0,10,pass,5,0.0,1.0,1.0,0.0,0.0,0.0,0.0,0.0,0.0,0.0,0.0,0.0,,1,1,right,3.0,2.0,-0.003917611857392478,0.3928391518677298,-0.00023503792157592016,00-0033873,P.Mahomes,00-0032128,C.Conley,,,False,False
2432,2018111900,KC,LA,17.0,22.0,2,00:42:00,51.0,2.0,5,pass,37,0.0,1.0,1.0,0.0,0.0,0.0,0.0,0.0,0.0,0.0,0.0,0.0,,1,1,right,20.0,17.0,1.7609478883563028,0.3926041139461539,0.06335581924530764,00-0033873,P.Mahomes,00-0030506,T.Kelce,,,False,True
2474,2018111900,KC,LA,17.0,22.0,2,00:34:00,14.0,1.0,10,run,6,1.0,0.0,0.0,0.0,0.0,0.0,0.0,0.0,0.0,0.0,0.0,0.0,left,1,0,,,,0.025942221318639103,0.4559599331914616,0.0008460804395660215,,,,,00-0033873,P.Mahomes,False,False
2502,2018111900,KC,LA,17.0,22.0,2,00:27:00,8.0,2.0,4,pass,0,0.0,1.0,0.0,0.0,0.0,0.0,0.0,0.0,0.0,0.0,0.0,0.0,,1,0,right,8.0,,-0.4942591032028565,0.4568060136310276,-0.020126464644142302,00-0033873,P.Mahomes,00-0030506,T.Kelce,,,False,False
2541,2018111900,KC,LA,17.0,22.0,2,00:20:00,8.0,3.0,4,pass,8,0.0,1.0,1.0,1.0,0.0,0.0,0.0,0.0,0.0,0.0,0.0,0.0,,1,0,middle,8.0,0.0,4.142523787134944,0.4366795489868853,0.12884164854916566,00-0033873,P.Mahomes,00-0032128,C.Conley,,,False,False
2598,2018111900,LA,KC,22.0,23.0,2,00:13:00,75.0,1.0,10,qb_kneel,-1,1.0,0.0,0.0,0.0,0.0,0.0,0.0,0.0,0.0,0.0,0.0,0.0,,0,0,,,,-0.8149984757122131,0.4656525715242825,-0.014703996635475225,,,,,00-0033106,J.Goff,False,False
2631,2018111900,,,,,2,00:00:00,,,0,,0,,,,,,,,,,,,,,0,0,,,,,,0.0,,,,,,,False,False
2680,2018111900,KC,LA,23.0,22.0,3,14:55:00,71.0,1.0,10,pass,27,0.0,1.0,1.0,0.0,0.0,0.0,0.0,0.0,0.0,0.0,0.0,0.0,,1,0,left,5.0,22.0,2.120800677471143,0.5614480030944604,0.07290457738294087,00-0033873,P.Mahomes,00-0032128,C.Conley,,,False,True
2714,2018111900,KC,LA,23.0,22.0,3,14:40:00,44.0,1.0,10,run,3,1.0,0.0,0.0,0.0,0.0,0.0,0.0,0.0,0.0,0.0,0.0,0.0,middle,1,0,,,,-0.21689776746301,0.6343525804774013,-0.00835944330667926,,,,,00-0033923,K.Hunt,False,True
2769,2018111900,KC,LA,23.0,22.0,3,14:01:00,36.0,1.0,10,run,6,1.0,0.0,0.0,0.0,0.0,0.0,0.0,0.0,0.0,0.0,0.0,0.0,right,1,0,,,,0.466435616813619,0.6496755609213009,0.016621288663612566,,,,,00-0033873,P.Mahomes,False,True
2808,2018111900,KC,LA,23.0,22.0,3,13:38:00,25.0,1.0,10,pass,-16,0.0,1.0,0.0,0.0,0.0,0.0,1.0,1.0,1.0,1.0,0.0,0.0,,1,0,,,,-7.440212779959098,0.6662968495849134,-0.22614984290593565,00-0033873,P.Mahomes,,,,,True,False
2838,2018111900,LA,KC,22.0,23.0,3,13:27:00,46.0,1.0,10,pass,0,0.0,1.0,0.0,0.0,0.0,0.0,0.0,0.0,0.0,0.0,0.0,0.0,,0,0,left,5.0,,-0.5727449707940626,0.5598529933210222,-0.018830474273630386,00-0033106,J.Goff,00-0030431,R.Woods,,,False,False
2860,2018111900,LA,KC,22.0,23.0,3,13:22:00,46.0,2.0,10,pass,0,0.0,1.0,0.0,0.0,0.0,0.0,0.0,0.0,0.0,0.0,0.0,0.0,,1,0,left,38.0,,-0.8995743469349438,0.5410225190473918,-0.028879199636829056,00-0033106,J.Goff,00-0031236,B.Cooks,,,False,False
2882,2018111900,LA,KC,22.0,23.0,3,13:12:00,46.0,3.0,10,pass,9,0.0,1.0,1.0,0.0,0.0,0.0,0.0,0.0,1.0,0.0,0.0,0.0,,1,0,left,9.0,0.0,-0.18905992556259976,0.5121433194105628,0.004656666365041806,00-0033106,J.Goff,00-0033943,J.Reynolds,,,False,False
2924,2018111900,LA,KC,22.0,23.0,3,12:34:00,37.0,4.0,1,pass,12,0.0,1.0,1.0,0.0,0.0,0.0,1.0,0.0,0.0,0.0,0.0,0.0,,0,0,left,5.0,7.0,2.689188004557535,0.5167999857756046,0.08768254159412547,00-0033106,J.Goff,00-0033110,T.Higbee,,,False,True
2988,2018111900,LA,KC,22.0,23.0,3,12:07:00,25.0,1.0,10,pass,15,0.0,1.0,1.0,0.0,0.0,0.0,0.0,0.0,0.0,0.0,0.0,0.0,,1,0,left,-2.0,17.0,0.8605845468488473,0.6044825273697301,0.030083946900900993,00-0033106,J.Goff,00-0033110,T.Higbee,,,False,True
3013,2018111900,LA,KC,22.0,23.0,3,11:43:00,10.0,1.0,10,pass,0,0.0,1.0,0.0,0.0,0.0,0.0,0.0,0.0,1.0,0.0,0.0,0.0,,0,0,right,10.0,,-0.3692608255506595,0.6345664742706311,-0.013233744582888727,00-0033106,J.Goff,,,,,False,False
3048,2018111900,LA,KC,22.0,23.0,3,11:36:00,10.0,2.0,10,pass,3,0.0,1.0,1.0,0.0,0.0,0.0,0.0,0.0,0.0,0.0,0.0,0.0,,1,0,left,3.0,0.0,-0.4633573899336323,0.6213327296877423,-0.016670465088496678,00-0033106,J.Goff,00-0034854,K.Hodge,,,False,False
3073,2018111900,LA,KC,22.0,23.0,3,11:01:00,7.0,3.0,7,run,7,1.0,0.0,0.0,1.0,0.0,0.0,0.0,0.0,0.0,0.0,0.0,0.0,middle,1,0,,,,2.7326021145774657,0.6046622645992457,0.09565850213924144,,,,,00-0033106,J.Goff,False,False
3141,2018111900,KC,LA,23.0,29.0,3,10:45:00,64.0,1.0,10,run,5,1.0,0.0,0.0,0.0,0.0,0.0,0.0,0.0,0.0,0.0,0.0,0.0,middle,1,0,,,,0.08721319660386029,0.3460328654346112,0.0020781058738248426,,,,,00-0033923,K.Hunt,False,False
3163,2018111900,KC,LA,23.0,29.0,3,10:10:00,59.0,2.0,5,pass,7,0.0,1.0,1.0,0.0,0.0,0.0,0.0,0.0,0.0,0.0,0.0,0.0,,1,0,left,6.0,1.0,0.8672193045394927,0.34811097130843605,0.029803471215534505,00-0033873,P.Mahomes,00-0032128,C.Conley,,,False,True
3191,2018111900,KC,LA,23.0,29.0,3,09:52:00,52.0,1.0,10,run,9,1.0,0.0,0.0,0.0,0.0,0.0,0.0,0.0,0.0,0.0,0.0,0.0,right,1,0,,,,0.938423744018268,0.37791444252397055,0.031095725394933663,,,,,00-0033923,K.Hunt,False,False
3213,2018111900,KC,LA,23.0,29.0,3,09:14:00,43.0,2.0,1,run,5,1.0,0.0,0.0,0.0,0.0,0.0,0.0,0.0,0.0,0.0,0.0,0.0,middle,1,0,,,,-0.08158641297616898,0.4090101679189042,-0.0038746836306342014,,,,,00-0033923,K.Hunt,False,True
3235,2018111900,KC,LA,23.0,29.0,3,08:29:00,38.0,1.0,10,pass,0,0.0,1.0,0.0,0.0,0.0,0.0,0.0,0.0,0.0,0.0,0.0,0.0,,1,0,middle,3.0,,-0.5101678882908707,0.40513548428827,-0.01754253917297327,00-0033873,P.Mahomes,00-0033040,T.Hill,,,False,False
3257,2018111900,KC,LA,23.0,29.0,3,08:25:00,38.0,2.0,10,pass,33,0.0,1.0,1.0,0.0,0.0,0.0,0.0,0.0,0.0,0.0,0.0,0.0,,1,0,right,12.0,21.0,2.500314664533295,0.3875929451152968,0.08201388639279794,00-0033873,P.Mahomes,00-0030506,T.Kelce,,,False,True
3282,2018111900,KC,LA,23.0,29.0,3,07:43:00,5.0,1.0,5,run,1,1.0,0.0,0.0,0.0,0.0,0.0,0.0,0.0,0.0,0.0,0.0,0.0,right,0,0,,,,-0.2820889409065481,0.4696068315080947,-0.009778839929432905,,,,,00-0033873,P.Mahomes,False,False
3310,2018111900,KC,LA,23.0,29.0,3,07:15:00,4.0,2.0,4,pass,4,0.0,1.0,1.0,1.0,0.0,0.0,0.0,0.0,0.0,0.0,0.0,0.0,,1,0,middle,2.0,2.0,1.5800905231678444,0.4598279915786618,0.04898912784876437,00-0033873,P.Mahomes,00-0030506,T.Kelce,,,False,False
3386,2018111900,LA,KC,29.0,30.0,3,07:04:00,65.0,1.0,10,pass,19,0.0,1.0,1.0,0.0,0.0,0.0,0.0,0.0,0.0,0.0,0.0,0.0,,0,0,left,-5.0,24.0,1.4156020453614542,0.5211380432971635,0.046895380346695936,00-0033106,J.Goff,00-0032241,T.Gurley,,,False,True
3411,2018111900,LA,KC,29.0,30.0,3,06:35:00,46.0,1.0,10,pass,13,0.0,1.0,1.0,0.0,0.0,0.0,0.0,0.0,0.0,0.0,0.0,0.0,,0,1,left,4.0,9.0,0.6814730825740649,0.5680334236438594,0.0234912747563345,00-0033106,J.Goff,00-0032241,T.Gurley,,,False,True
3442,2018111900,LA,KC,29.0,30.0,3,06:06:00,33.0,1.0,10,pass,0,0.0,1.0,0.0,0.0,0.0,0.0,0.0,0.0,0.0,0.0,0.0,0.0,,1,0,right,25.0,,-0.4784353303060116,0.591524698400194,-0.016934590666995875,00-0033106,J.Goff,00-0030431,R.Woods,,,False,False
3464,2018111900,LA,KC,29.0,30.0,3,05:59:00,33.0,2.0,10,run,-1,1.0,0.0,0.0,0.0,0.0,0.0,0.0,0.0,0.0,0.0,0.0,0.0,left,0,0,,,,-0.8884008106283958,0.5745901077331981,-0.03113735774244342,,,,,00-0032241,T.Gurley,False,False
3486,2018111900,LA,KC,29.0,30.0,3,05:17:00,34.0,3.0,11,pass,13,0.0,1.0,1.0,0.0,0.0,0.0,0.0,0.0,0.0,0.0,0.0,0.0,,1,0,right,-4.0,17.0,1.814649954695374,0.5434527499907547,0.06346146086416328,00-0033106,J.Goff,00-0031236,B.Cooks,,,False,True
3511,2018111900,LA,KC,29.0,30.0,3,04:40:00,21.0,1.0,10,run,4,1.0,0.0,0.0,0.0,0.0,0.0,0.0,0.0,0.0,0.0,0.0,0.0,right,0,0,,,,-0.16639995570348454,0.6069142108549179,-0.0063393913377144395,,,,,00-0031806,M.Brown,False,False
3533,2018111900,LA,KC,29.0,30.0,3,03:54:00,17.0,2.0,6,pass,-3,0.0,1.0,0.0,0.0,0.0,0.0,0.0,0.0,1.0,1.0,0.0,0.0,,1,0,,,,-0.9401627584873856,0.6005748195172035,-0.03412878149209786,00-0033106,J.Goff,,,,,False,False
3553,2018111900,LA,KC,29.0,30.0,3,03:07:00,20.0,3.0,9,run,5,1.0,0.0,0.0,0.0,0.0,0.0,0.0,0.0,0.0,0.0,0.0,0.0,middle,1,0,,,,-0.5676166846251895,0.5664460380251056,-0.020175389640603947,,,,,00-0032241,T.Gurley,False,False
3575,2018111900,LA,KC,29.0,30.0,3,02:29:00,15.0,4.0,4,field_goal,0,0.0,0.0,0.0,0.0,0.0,0.0,0.0,0.0,0.0,0.0,1.0,0.0,,0,0,,,,0.2634722229977431,0.5462706483845017,0.015025910910924312,,,,,,,False,False
3612,2018111900,KC,LA,30.0,32.0,3,02:24:00,75.0,1.0,10,pass,0,0.0,1.0,0.0,1.0,1.0,0.0,0.0,0.0,0.0,0.0,0.0,0.0,,1,0,right,0.0,,-8.013410777416288,0.4387034407045741,-0.2099075644736418,00-0033873,P.Mahomes,00-0030155,D.Harris,,,True,False
3696,2018111900,KC,LA,30.0,38.0,3,02:06:00,76.0,1.0,10,run,1,1.0,0.0,0.0,0.0,0.0,0.0,0.0,0.0,0.0,0.0,0.0,0.0,right,1,0,,,,-0.5890106734083675,0.2255732643889639,-0.019455677300292795,,,,,00-0033923,K.Hunt,False,False
3718,2018111900,KC,LA,30.0,38.0,3,01:25:00,75.0,2.0,9,pass,0,0.0,1.0,0.0,0.0,0.0,0.0,0.0,0.0,1.0,0.0,0.0,0.0,,1,0,middle,0.0,,-0.9602763891888147,0.2061175870886711,-0.02639591504690461,00-0033873,P.Mahomes,00-0033040,T.Hill,,,False,False
3807,2018111900,KC,LA,30.0,38.0,3,01:21:00,75.0,3.0,9,pass,0,0.0,1.0,0.0,0.0,0.0,0.0,0.0,0.0,0.0,0.0,0.0,0.0,,1,0,left,37.0,,-1.4376169997449006,0.17972167204176648,-0.03346848461631713,00-0033873,P.Mahomes,00-0033040,T.Hill,,,False,False
3829,2018111900,KC,LA,30.0,38.0,3,01:13:00,75.0,4.0,9,punt,0,0.0,0.0,0.0,0.0,0.0,0.0,0.0,0.0,0.0,0.0,0.0,1.0,,0,0,,,,0.23276244587876385,0.14625318742544935,0.025056711698105527,,,,,,,False,False
3849,2018111900,LA,KC,38.0,30.0,3,00:58:00,66.0,1.0,10,run,24,1.0,0.0,0.0,0.0,0.0,0.0,0.0,0.0,0.0,0.0,0.0,0.0,middle,0,0,,,,1.6946494513172272,0.8286901008764451,0.03812777127199618,,,,,00-0032241,T.Gurley,False,False
3940,2018111900,,,,,3,00:00:00,,,0,,0,,,,,,,,,,,,,,0,0,,,,,,0.0,,,,,,,False,False
3957,2018111900,LA,KC,38.0,30.0,4,15:00:00,52.0,1.0,20,pass,-10,0.0,1.0,0.0,0.0,0.0,0.0,0.0,0.0,1.0,1.0,0.0,0.0,,0,0,,,,-1.5724648034895392,0.8479646526876664,-0.0376877814787796,00-0033106,J.Goff,,,,,False,False
3988,2018111900,LA,KC,38.0,30.0,4,14:31:00,62.0,2.0,30,pass,0,0.0,1.0,0.0,0.0,0.0,0.0,0.0,0.0,0.0,0.0,0.0,0.0,,1,0,middle,23.0,,-1.0546901525435053,0.8102768712088868,-0.03133281181732328,00-0033106,J.Goff,00-0031236,B.Cooks,,,False,False
4010,2018111900,LA,KC,38.0,30.0,4,14:25:00,62.0,3.0,30,run,2,1.0,0.0,0.0,0.0,0.0,0.0,0.0,0.0,0.0,0.0,0.0,0.0,middle,1,0,,,,-0.969406088902093,0.7789440593915635,-0.03070150580348774,,,,,00-0032241,T.Gurley,False,False
4032,2018111900,LA,KC,38.0,30.0,4,13:45:00,60.0,4.0,28,punt,0,0.0,0.0,0.0,0.0,0.0,0.0,0.0,0.0,0.0,0.0,0.0,1.0,,0,0,,,,1.4651935209349791,0.7482425535880758,0.0748878526847544,,,,,,,False,False
4070,2018111900,KC,LA,30.0,38.0,4,13:32:00,91.0,1.0,10,pass,7,0.0,1.0,1.0,0.0,0.0,0.0,0.0,0.0,0.0,0.0,0.0,0.0,,1,0,left,6.0,1.0,0.5127295606492777,0.17686959372716982,0.011777388540758604,00-0033873,P.Mahomes,00-0030506,T.Kelce,,,False,False
4095,2018111900,KC,LA,30.0,38.0,4,12:51:00,84.0,2.0,3,pass,11,0.0,1.0,1.0,0.0,0.0,0.0,0.0,0.0,0.0,0.0,0.0,0.0,,1,0,middle,11.0,0.0,1.1212258853177142,0.1886469822679284,0.03202756945895605,00-0033873,P.Mahomes,00-0033040,T.Hill,,,False,True
4120,2018111900,KC,LA,30.0,38.0,4,12:15:00,73.0,1.0,10,pass,73,0.0,1.0,1.0,1.0,0.0,0.0,0.0,0.0,0.0,0.0,0.0,0.0,,0,0,middle,51.0,22.0,5.7926127145126936,0.22067455172688447,0.211214285673878,00-0033873,P.Mahomes,00-0033040,T.Hill,,,False,False
4218,2018111900,LA,KC,38.0,37.0,4,11:57:00,85.0,1.0,10,run,-1,1.0,0.0,0.0,0.0,0.0,0.0,0.0,0.0,0.0,0.0,0.0,0.0,left,0,0,,,,-0.8017156647995012,0.5283995941603385,-0.02914408510255395,,,,,00-0032241,T.Gurley,False,False
4240,2018111900,LA,KC,38.0,37.0,4,11:20:00,86.0,2.0,11,pass,0,0.0,1.0,0.0,0.0,0.0,0.0,0.0,0.0,0.0,0.0,0.0,0.0,,1,0,right,24.0,,-0.821564856868269,0.4992555090577846,-0.019362553381398855,00-0033106,J.Goff,00-0030431,R.Woods,,,False,False
4279,2018111900,LA,KC,38.0,37.0,4,11:16:00,86.0,3.0,11,pass,-12,0.0,1.0,0.0,1.0,0.0,0.0,1.0,1.0,0.0,1.0,0.0,0.0,,1,0,,,,-5.517560064091589,0.4798929556763858,-0.13759153439781513,00-0033106,J.Goff,,,,,True,False
4348,2018111900,LA,KC,38.0,43.0,4,11:07:00,75.0,1.0,10,run,5,1.0,0.0,0.0,0.0,0.0,0.0,0.0,0.0,0.0,0.0,0.0,0.0,left,0,0,,,,0.07652692835454132,0.3423014212785706,0.0022572475546350783,,,,,00-0032241,T.Gurley,False,False
4370,2018111900,LA,KC,38.0,43.0,4,10:47:00,70.0,2.0,5,pass,27,0.0,1.0,1.0,0.0,0.0,0.0,0.0,0.0,0.0,0.0,0.0,0.0,,0,0,left,14.0,13.0,2.267871712437871,0.3445586688332057,0.09086149379756693,00-0033106,J.Goff,00-0033943,J.Reynolds,,,False,True
4395,2018111900,LA,KC,38.0,43.0,4,10:24:00,43.0,1.0,10,pass,36,0.0,1.0,1.0,0.0,0.0,0.0,0.0,0.0,0.0,0.0,0.0,0.0,,0,1,left,35.0,1.0,2.0217114936623397,0.4354201626307726,0.07976282937217942,00-0033106,J.Goff,00-0030431,R.Woods,,,False,True
4420,2018111900,LA,KC,38.0,43.0,4,09:52:00,7.0,1.0,7,pass,0,0.0,1.0,0.0,0.0,0.0,0.0,0.0,0.0,0.0,0.0,0.0,0.0,,0,1,left,6.0,,-0.4132505377908391,0.515182992002952,-0.016097895252171042,00-0033106,J.Goff,00-0030431,R.Woods,,,False,False
4442,2018111900,LA,KC,38.0,43.0,4,09:49:00,7.0,2.0,7,pass,0,0.0,1.0,0.0,0.0,0.0,0.0,0.0,0.0,0.0,0.0,0.0,0.0,,1,0,right,7.0,,-0.7391058804597037,0.499085096750781,-0.029050754297220368,00-0033106,J.Goff,00-0030431,R.Woods,,,False,False
4471,2018111900,LA,KC,38.0,43.0,4,09:44:00,7.0,3.0,7,pass,7,0.0,1.0,1.0,1.0,0.0,0.0,0.0,0.0,0.0,0.0,0.0,0.0,,1,0,middle,7.0,0.0,2.7658808920418885,0.4700343424535606,0.10700096528428256,00-0033106,J.Goff,00-0033895,G.Everett,,,False,False
4528,2018111900,KC,LA,43.0,45.0,4,09:38:00,75.0,1.0,10,pass,4,0.0,1.0,1.0,0.0,0.0,0.0,0.0,0.0,0.0,0.0,0.0,0.0,,1,0,left,-2.0,6.0,-0.09779180505416107,0.4317510137650958,-0.0035432543244685033,00-0033873,P.Mahomes,00-0030506,T.Kelce,,,False,False
4553,2018111900,KC,LA,43.0,45.0,4,09:00:00,71.0,2.0,6,pass,3,0.0,1.0,1.0,0.0,0.0,0.0,0.0,0.0,0.0,0.0,0.0,0.0,,1,0,right,2.0,1.0,-0.17389733415079905,0.4282077594406273,-0.006832005096745919,00-0033873,P.Mahomes,00-0033040,T.Hill,,,False,False
4584,2018111900,KC,LA,43.0,45.0,4,08:21:00,68.0,3.0,3,pass,0,0.0,1.0,0.0,0.0,0.0,0.0,0.0,0.0,0.0,0.0,0.0,0.0,,1,0,middle,4.0,,-1.578122065854387,0.42137575434388136,-0.06602747153309563,00-0033873,P.Mahomes,00-0030506,T.Kelce,,,False,False
4606,2018111900,KC,LA,43.0,45.0,4,08:18:00,68.0,4.0,3,punt,0,0.0,0.0,0.0,0.0,0.0,0.0,0.0,0.0,0.0,0.0,0.0,1.0,,0,0,,,,0.6065749487439496,0.3553482828107857,0.04675163392301146,,,,,,,False,False
4625,2018111900,LA,KC,45.0,43.0,4,08:09:00,84.0,1.0,10,run,0,1.0,0.0,0.0,0.0,0.0,0.0,0.0,0.0,0.0,0.0,0.0,0.0,left,0,0,,,,-0.5815830245598945,0.5979000832662028,-0.02223148819970966,,,,,00-0031236,B.Cooks,False,False
4653,2018111900,LA,KC,45.0,43.0,4,07:45:00,84.0,2.0,10,pass,0,0.0,1.0,0.0,0.0,0.0,0.0,0.0,0.0,0.0,0.0,0.0,0.0,,0,1,right,0.0,,-0.7153557989406722,0.5756685950664931,-0.03017916574093116,00-0033106,J.Goff,,,,,False,False
4682,2018111900,LA,KC,45.0,43.0,4,07:42:00,84.0,3.0,10,pass,9,0.0,1.0,1.0,0.0,0.0,0.0,0.0,0.0,0.0,0.0,0.0,0.0,,1,0,right,-3.0,12.0,0.266633650675854,0.545489429325562,0.016755978015029368,00-0033106,J.Goff,00-0031236,B.Cooks,,,False,False
4707,2018111900,LA,KC,45.0,43.0,4,06:44:00,75.0,4.0,1,punt,0,0.0,0.0,0.0,0.0,0.0,0.0,0.0,0.0,0.0,0.0,0.0,1.0,,0,0,,,,-0.8375672232930242,0.5622454073405914,-0.02424272677722273,,,,,,,False,False
4727,2018111900,KC,LA,43.0,45.0,4,06:33:00,65.0,1.0,10,run,4,1.0,0.0,0.0,0.0,0.0,0.0,0.0,0.0,0.0,0.0,0.0,0.0,left,1,0,,,,-0.105818223338614,0.4619973194366314,-0.0038578061896548665,,,,,00-0033923,K.Hunt,False,False
4749,2018111900,KC,LA,43.0,45.0,4,05:59:00,61.0,2.0,6,pass,-3,0.0,1.0,0.0,0.0,0.0,0.0,0.0,0.0,1.0,1.0,0.0,0.0,,1,0,,,,-1.0977272943081324,0.4581395132469765,-0.053596769585212416,00-0033873,P.Mahomes,,,,,False,False
4769,2018111900,KC,LA,43.0,45.0,4,05:15:00,64.0,3.0,9,run,7,1.0,0.0,0.0,0.0,0.0,0.0,0.0,0.0,0.0,0.0,0.0,0.0,right,1,0,,,,-0.3770929259372555,0.4045427436617641,-0.02538969010539516,,,,,00-0033873,P.Mahomes,False,False
4808,2018111900,KC,LA,43.0,45.0,4,04:37:00,57.0,4.0,2,pass,18,0.0,1.0,1.0,0.0,0.0,0.0,0.0,0.0,0.0,0.0,0.0,0.0,,1,0,middle,5.0,13.0,2.9444206298251854,0.3791530535563689,0.16285257953656834,00-0033873,P.Mahomes,00-0030506,T.Kelce,,,False,True
4833,2018111900,KC,LA,43.0,45.0,4,03:51:00,39.0,1.0,10,run,2,1.0,0.0,0.0,0.0,0.0,0.0,0.0,0.0,0.0,0.0,0.0,0.0,middle,1,0,,,,-0.3573329969455239,0.5420056330929373,-0.01446023179743472,,,,,00-0033873,P.Mahomes,False,False
4855,2018111900,KC,LA,43.0,45.0,4,03:12:00,37.0,2.0,8,pass,14,0.0,1.0,1.0,0.0,0.0,0.0,0.0,0.0,0.0,0.0,0.0,0.0,,1,0,left,3.0,11.0,1.0573672208683869,0.5275454012955025,0.06948033071539894,00-0033873,P.Mahomes,00-0032775,D.Robinson,,,False,True
4886,2018111900,KC,LA,43.0,45.0,4,03:05:00,23.0,1.0,10,pass,3,0.0,1.0,1.0,0.0,0.0,0.0,0.0,0.0,0.0,0.0,0.0,0.0,,1,0,right,2.0,1.0,1.0221150748002792,0.5970257320109015,0.06902251316598085,00-0033873,P.Mahomes,00-0030155,D.Harris,,,False,True
4922,2018111900,KC,LA,43.0,45.0,4,02:55:00,10.0,1.0,10,pass,10,0.0,1.0,1.0,1.0,0.0,0.0,0.0,0.0,0.0,0.0,0.0,0.0,,1,0,right,2.0,8.0,2.295508936141124,0.6660482451768823,0.12960533616601164,00-0033873,P.Mahomes,00-0032128,C.Conley,,,False,False
4979,2018111900,LA,KC,45.0,50.0,4,02:47:00,75.0,1.0,10,run,1,1.0,0.0,0.0,0.0,0.0,0.0,0.0,0.0,0.0,0.0,0.0,0.0,middle,1,0,,,,-0.3259540940977371,0.2420218349413925,-0.043094319658446116,,,,,00-0033106,J.Goff,False,False
5001,2018111900,LA,KC,45.0,50.0,4,02:19:00,74.0,2.0,9,pass,0,0.0,1.0,0.0,0.0,0.0,0.0,0.0,0.0,0.0,0.0,0.0,0.0,,1,0,right,18.0,,-0.4691041587654221,0.1989275152829464,-0.030571222669795176,00-0033106,J.Goff,00-0033943,J.Reynolds,,,False,False
5023,2018111900,LA,KC,45.0,50.0,4,02:13:00,74.0,3.0,9,pass,22,0.0,1.0,1.0,0.0,0.0,0.0,0.0,0.0,0.0,0.0,0.0,0.0,,1,0,right,13.0,9.0,2.047595144922191,0.16835629261315124,0.11739449880528666,00-0033106,J.Goff,00-0031236,B.Cooks,,,False,True
5048,2018111900,LA,KC,45.0,50.0,4,02:07:00,52.0,1.0,10,pass,2,0.0,1.0,1.0,0.0,0.0,0.0,0.0,0.0,0.0,0.0,0.0,0.0,,1,0,right,2.0,0.0,-0.24394961355425715,0.2857507914184379,-0.024072854008221845,00-0033106,J.Goff,00-0033895,G.Everett,,,False,False
5085,2018111900,LA,KC,45.0,50.0,4,02:01:00,50.0,2.0,8,pass,10,0.0,1.0,1.0,0.0,0.0,0.0,0.0,0.0,0.0,0.0,0.0,0.0,,1,0,left,10.0,0.0,0.8495018664970078,0.26167793741021605,-0.013217193800568685,00-0033106,J.Goff,00-0033110,T.Higbee,,,False,False
5116,2018111900,,,,,4,01:56:00,50.0,,0,,0,,,,,,,,,,,,,,0,0,,,,,,0.0,,,,,,,False,False
5133,2018111900,LA,KC,45.0,50.0,4,01:56:00,40.0,1.0,10,pass,40,0.0,1.0,1.0,1.0,0.0,0.0,0.0,0.0,0.0,0.0,0.0,0.0,,1,0,right,26.0,14.0,4.4849061346636105,0.2484607436096473,0.3731954353998176,00-0033106,J.Goff,00-0033895,G.Everett,,,False,False
5212,2018111900,KC,LA,50.0,52.0,4,01:44:00,74.0,1.0,10,pass,0,0.0,1.0,0.0,0.0,0.0,0.0,0.0,0.0,0.0,0.0,0.0,0.0,,1,0,right,-1.0,,-0.2387502274279609,0.5033896519047439,-0.02658063757146445,00-0033873,P.Mahomes,00-0033923,K.Hunt,,,False,False
5234,2018111900,KC,LA,50.0,52.0,4,01:40:00,74.0,2.0,10,pass,0,0.0,1.0,0.0,0.0,0.0,0.0,0.0,0.0,0.0,0.0,0.0,0.0,,1,0,middle,24.0,,-0.2959300862934037,0.4768090143332795,-0.03519149228073787,00-0033873,P.Mahomes,00-0032775,D.Robinson,,,False,False
5256,2018111900,KC,LA,50.0,52.0,4,01:35:00,74.0,3.0,10,pass,26,0.0,1.0,1.0,0.0,0.0,0.0,0.0,0.0,0.0,0.0,0.0,0.0,,1,0,right,24.0,2.0,1.6406300404224945,0.4416175220525416,0.16783507728259278,00-0033873,P.Mahomes,00-0033040,T.Hill,,,False,True
5287,2018111900,KC,LA,50.0,52.0,4,01:28:00,48.0,1.0,10,pass,0,0.0,1.0,0.0,0.0,1.0,0.0,0.0,0.0,1.0,0.0,0.0,0.0,,0,0,right,22.0,,-3.24823689016786,0.6094525993351344,-0.38722662501796057,00-0033873,P.Mahomes,00-0032128,C.Conley,,,True,False
5337,2018111900,LA,KC,52.0,50.0,4,01:18:00,70.0,1.0,15,pass,4,0.0,1.0,1.0,0.0,0.0,0.0,0.0,0.0,0.0,0.0,0.0,0.0,,0,0,left,1.0,3.0,-0.04883874448851233,0.7580253382545101,0.030686603944384275,00-0033106,J.Goff,00-0030431,R.Woods,,,False,False
5385,2018111900,LA,KC,52.0,50.0,4,01:11:00,66.0,2.0,11,pass,0,0.0,1.0,0.0,0.0,0.0,0.0,0.0,0.0,0.0,0.0,0.0,0.0,,0,0,right,0.0,,-0.3070822662978854,0.7887119421988944,-0.017477423812528925,00-0033106,J.Goff,00-0033110,T.Higbee,,,False,False
5414,2018111900,LA,KC,52.0,50.0,4,01:08:00,66.0,3.0,11,pass,0,0.0,1.0,1.0,0.0,0.0,0.0,0.0,0.0,0.0,0.0,0.0,0.0,,1,0,left,-4.0,4.0,-0.4945010381455394,0.7712345183863655,-0.014510626995116294,00-0033106,J.Goff,00-0031236,B.Cooks,,,False,False
5456,2018111900,LA,KC,52.0,50.0,4,01:04:00,66.0,4.0,11,punt,0,0.0,0.0,0.0,0.0,0.0,0.0,0.0,0.0,0.0,0.0,0.0,1.0,,0,0,,,,-0.4847140336654833,0.7567238913912492,-0.05260655701470685,,,,,,,False,False
5488,2018111900,KC,LA,50.0,52.0,4,00:50:00,88.0,1.0,10,pass,0,0.0,1.0,0.0,0.0,0.0,0.0,0.0,0.0,0.0,0.0,0.0,0.0,,1,0,left,10.0,,-0.17194761423813176,0.2958826656234577,-0.03928778991038606,00-0033873,P.Mahomes,00-0030506,T.Kelce,,,False,False
5510,2018111900,KC,LA,50.0,52.0,4,00:46:00,88.0,2.0,10,pass,8,0.0,1.0,1.0,0.0,0.0,0.0,0.0,0.0,0.0,0.0,0.0,0.0,,1,0,right,7.0,1.0,0.19733668449269195,0.2565948757130717,-0.05819575048969905,00-0033873,P.Mahomes,00-0030506,T.Kelce,,,False,False
5535,2018111900,KC,LA,50.0,52.0,4,00:30:00,80.0,3.0,2,pass,6,0.0,1.0,1.0,0.0,0.0,0.0,0.0,0.0,0.0,0.0,0.0,0.0,,1,1,left,6.0,0.0,0.3522520543730083,0.1983991252233726,0.005101923203110592,00-0033873,P.Mahomes,00-0032128,C.Conley,,,False,True
5577,2018111900,KC,LA,50.0,52.0,4,00:25:00,74.0,1.0,10,pass,0,0.0,1.0,0.0,0.0,1.0,0.0,0.0,0.0,0.0,0.0,0.0,0.0,,1,0,right,46.0,,-0.7491873518945491,0.2035010484264832,-0.16219648490967387,00-0033873,P.Mahomes,00-0033040,T.Hill,,,True,False
5604,2018111900,LA,KC,52.0,50.0,4,00:13:00,67.0,1.0,10,qb_kneel,-1,1.0,0.0,0.0,0.0,0.0,0.0,0.0,0.0,0.0,0.0,0.0,0.0,,0,0,,,,,0.9586954364831908,0.041304563516809334,,,,,00-0033106,J.Goff,False,False
5626,2018111900,,,,,4,00:00:00,,,0,,0,,,,,,,,,,,,,,0,0,,,,,,0.0,,,,,,,False,False
